"NIS5","TX_DESCR_NL","TX_DESCR_FR","TX_ADM_DSTR_DESCR_NL","TX_ADM_DSTR_DESCR_FR","PROVINCE","REGION","CASES"
"11001","Aartselaar","Aartselaar","Arrondissement Antwerpen","Arrondissement d’Anvers","Antwerpen","Flanders","671"
"11002","Antwerpen","Anvers","Arrondissement Antwerpen","Arrondissement d’Anvers","Antwerpen","Flanders","34261"
"11004","Boechout","Boechout","Arrondissement Antwerpen","Arrondissement d’Anvers","Antwerpen","Flanders","522"
"11005","Boom","Boom","Arrondissement Antwerpen","Arrondissement d’Anvers","Antwerpen","Flanders","959"
"11007","Borsbeek","Borsbeek","Arrondissement Antwerpen","Arrondissement d’Anvers","Antwerpen","Flanders","548"
"11008","Brasschaat","Brasschaat","Arrondissement Antwerpen","Arrondissement d’Anvers","Antwerpen","Flanders","1494"
"11009","Brecht","Brecht","Arrondissement Antwerpen","Arrondissement d’Anvers","Antwerpen","Flanders","1158"
"11013","Edegem","Edegem","Arrondissement Antwerpen","Arrondissement d’Anvers","Antwerpen","Flanders","897"
"11016","Essen","Essen","Arrondissement Antwerpen","Arrondissement d’Anvers","Antwerpen","Flanders","861"
"11018","Hemiksem","Hemiksem","Arrondissement Antwerpen","Arrondissement d’Anvers","Antwerpen","Flanders","636"
"11021","Hove (Antwerpen)","Hove (Anvers)","Arrondissement Antwerpen","Arrondissement d’Anvers","Antwerpen","Flanders","300"
"11022","Kalmthout","Kalmthout","Arrondissement Antwerpen","Arrondissement d’Anvers","Antwerpen","Flanders","673"
"11023","Kapellen (Antwerpen)","Kapellen (Anvers)","Arrondissement Antwerpen","Arrondissement d’Anvers","Antwerpen","Flanders","1168"
"11024","Kontich","Kontich","Arrondissement Antwerpen","Arrondissement d’Anvers","Antwerpen","Flanders","756"
"11025","Lint","Lint","Arrondissement Antwerpen","Arrondissement d’Anvers","Antwerpen","Flanders","317"
"11029","Mortsel","Mortsel","Arrondissement Antwerpen","Arrondissement d’Anvers","Antwerpen","Flanders","1022"
"11030","Niel","Niel","Arrondissement Antwerpen","Arrondissement d’Anvers","Antwerpen","Flanders","464"
"11035","Ranst","Ranst","Arrondissement Antwerpen","Arrondissement d’Anvers","Antwerpen","Flanders","714"
"11037","Rumst","Rumst","Arrondissement Antwerpen","Arrondissement d’Anvers","Antwerpen","Flanders","602"
"11038","Schelle","Schelle","Arrondissement Antwerpen","Arrondissement d’Anvers","Antwerpen","Flanders","386"
"11039","Schilde","Schilde","Arrondissement Antwerpen","Arrondissement d’Anvers","Antwerpen","Flanders","860"
"11040","Schoten","Schoten","Arrondissement Antwerpen","Arrondissement d’Anvers","Antwerpen","Flanders","1457"
"11044","Stabroek","Stabroek","Arrondissement Antwerpen","Arrondissement d’Anvers","Antwerpen","Flanders","832"
"11050","Wijnegem","Wijnegem","Arrondissement Antwerpen","Arrondissement d’Anvers","Antwerpen","Flanders","495"
"11052","Wommelgem","Wommelgem","Arrondissement Antwerpen","Arrondissement d’Anvers","Antwerpen","Flanders","588"
"11053","Wuustwezel","Wuustwezel","Arrondissement Antwerpen","Arrondissement d’Anvers","Antwerpen","Flanders","897"
"11054","Zandhoven","Zandhoven","Arrondissement Antwerpen","Arrondissement d’Anvers","Antwerpen","Flanders","494"
"11055","Zoersel","Zoersel","Arrondissement Antwerpen","Arrondissement d’Anvers","Antwerpen","Flanders","994"
"11056","Zwijndrecht","Zwijndrecht","Arrondissement Antwerpen","Arrondissement d’Anvers","Antwerpen","Flanders","936"
"11057","Malle","Malle","Arrondissement Antwerpen","Arrondissement d’Anvers","Antwerpen","Flanders","732"
"12002","Berlaar","Berlaar","Arrondissement Mechelen","Arrondissement de Malines","Antwerpen","Flanders","353"
"12005","Bonheiden","Bonheiden","Arrondissement Mechelen","Arrondissement de Malines","Antwerpen","Flanders","445"
"12007","Bornem","Bornem","Arrondissement Mechelen","Arrondissement de Malines","Antwerpen","Flanders","834"
"12009","Duffel","Duffel","Arrondissement Mechelen","Arrondissement de Malines","Antwerpen","Flanders","807"
"12014","Heist-op-den-Berg","Heist-op-den-Berg","Arrondissement Mechelen","Arrondissement de Malines","Antwerpen","Flanders","1383"
"12021","Lier","Lierre","Arrondissement Mechelen","Arrondissement de Malines","Antwerpen","Flanders","1561"
"12025","Mechelen","Malines","Arrondissement Mechelen","Arrondissement de Malines","Antwerpen","Flanders","4141"
"12026","Nijlen","Nijlen","Arrondissement Mechelen","Arrondissement de Malines","Antwerpen","Flanders","849"
"12029","Putte","Putte","Arrondissement Mechelen","Arrondissement de Malines","Antwerpen","Flanders","536"
"12035","Sint-Katelijne-Waver","Sint-Katelijne-Waver","Arrondissement Mechelen","Arrondissement de Malines","Antwerpen","Flanders","863"
"12040","Willebroek","Willebroek","Arrondissement Mechelen","Arrondissement de Malines","Antwerpen","Flanders","1219"
"12041","Puurs-Sint-Amands","Puurs-Sint-Amands","Arrondissement Mechelen","Arrondissement de Malines","Antwerpen","Flanders","1146"
"13001","Arendonk","Arendonk","Arrondissement Turnhout","Arrondissement de Turnhout","Antwerpen","Flanders","829"
"13002","Baarle-Hertog","Baerle-Duc","Arrondissement Turnhout","Arrondissement de Turnhout","Antwerpen","Flanders","125"
"13003","Balen","Balen","Arrondissement Turnhout","Arrondissement de Turnhout","Antwerpen","Flanders","1011"
"13004","Beerse","Beerse","Arrondissement Turnhout","Arrondissement de Turnhout","Antwerpen","Flanders","782"
"13006","Dessel","Dessel","Arrondissement Turnhout","Arrondissement de Turnhout","Antwerpen","Flanders","456"
"13008","Geel","Geel","Arrondissement Turnhout","Arrondissement de Turnhout","Antwerpen","Flanders","1506"
"13010","Grobbendonk","Grobbendonk","Arrondissement Turnhout","Arrondissement de Turnhout","Antwerpen","Flanders","348"
"13011","Herentals","Herentals","Arrondissement Turnhout","Arrondissement de Turnhout","Antwerpen","Flanders","940"
"13012","Herenthout","Herenthout","Arrondissement Turnhout","Arrondissement de Turnhout","Antwerpen","Flanders","278"
"13013","Herselt","Herselt","Arrondissement Turnhout","Arrondissement de Turnhout","Antwerpen","Flanders","395"
"13014","Hoogstraten","Hoogstraten","Arrondissement Turnhout","Arrondissement de Turnhout","Antwerpen","Flanders","1108"
"13016","Hulshout","Hulshout","Arrondissement Turnhout","Arrondissement de Turnhout","Antwerpen","Flanders","331"
"13017","Kasterlee","Kasterlee","Arrondissement Turnhout","Arrondissement de Turnhout","Antwerpen","Flanders","652"
"13019","Lille","Lille","Arrondissement Turnhout","Arrondissement de Turnhout","Antwerpen","Flanders","593"
"13021","Meerhout","Meerhout","Arrondissement Turnhout","Arrondissement de Turnhout","Antwerpen","Flanders","320"
"13023","Merksplas","Merksplas","Arrondissement Turnhout","Arrondissement de Turnhout","Antwerpen","Flanders","500"
"13025","Mol","Mol","Arrondissement Turnhout","Arrondissement de Turnhout","Antwerpen","Flanders","1630"
"13029","Olen","Olen","Arrondissement Turnhout","Arrondissement de Turnhout","Antwerpen","Flanders","505"
"13031","Oud-Turnhout","Oud-Turnhout","Arrondissement Turnhout","Arrondissement de Turnhout","Antwerpen","Flanders","564"
"13035","Ravels","Ravels","Arrondissement Turnhout","Arrondissement de Turnhout","Antwerpen","Flanders","643"
"13036","Retie","Retie","Arrondissement Turnhout","Arrondissement de Turnhout","Antwerpen","Flanders","624"
"13037","Rijkevorsel","Rijkevorsel","Arrondissement Turnhout","Arrondissement de Turnhout","Antwerpen","Flanders","671"
"13040","Turnhout","Turnhout","Arrondissement Turnhout","Arrondissement de Turnhout","Antwerpen","Flanders","1946"
"13044","Vorselaar","Vorselaar","Arrondissement Turnhout","Arrondissement de Turnhout","Antwerpen","Flanders","248"
"13046","Vosselaar","Vosselaar","Arrondissement Turnhout","Arrondissement de Turnhout","Antwerpen","Flanders","358"
"13049","Westerlo","Westerlo","Arrondissement Turnhout","Arrondissement de Turnhout","Antwerpen","Flanders","713"
"13053","Laakdal","Laakdal","Arrondissement Turnhout","Arrondissement de Turnhout","Antwerpen","Flanders","498"
"21001","Anderlecht","Anderlecht","Arrondissement Brussel-Hoofdstad","Arrondissement de Bruxelles-Capitale","Brussels","Brussels","9526"
"21002","Oudergem","Auderghem","Arrondissement Brussel-Hoofdstad","Arrondissement de Bruxelles-Capitale","Brussels","Brussels","2013"
"21003","Sint-Agatha-Berchem","Berchem-Sainte-Agathe","Arrondissement Brussel-Hoofdstad","Arrondissement de Bruxelles-Capitale","Brussels","Brussels","2052"
"21004","Brussel","Bruxelles","Arrondissement Brussel-Hoofdstad","Arrondissement de Bruxelles-Capitale","Brussels","Brussels","13579"
"21005","Etterbeek","Etterbeek","Arrondissement Brussel-Hoofdstad","Arrondissement de Bruxelles-Capitale","Brussels","Brussels","3187"
"21006","Evere","Evere","Arrondissement Brussel-Hoofdstad","Arrondissement de Bruxelles-Capitale","Brussels","Brussels","3341"
"21007","Vorst (Brussel-Hoofdstad)","Forest (Bruxelles-Capitale)","Arrondissement Brussel-Hoofdstad","Arrondissement de Bruxelles-Capitale","Brussels","Brussels","4094"
"21008","Ganshoren","Ganshoren","Arrondissement Brussel-Hoofdstad","Arrondissement de Bruxelles-Capitale","Brussels","Brussels","1883"
"21009","Elsene","Ixelles","Arrondissement Brussel-Hoofdstad","Arrondissement de Bruxelles-Capitale","Brussels","Brussels","5797"
"21010","Jette","Jette","Arrondissement Brussel-Hoofdstad","Arrondissement de Bruxelles-Capitale","Brussels","Brussels","4080"
"21011","Koekelberg","Koekelberg","Arrondissement Brussel-Hoofdstad","Arrondissement de Bruxelles-Capitale","Brussels","Brussels","1734"
"21012","Sint-Jans-Molenbeek","Molenbeek-Saint-Jean","Arrondissement Brussel-Hoofdstad","Arrondissement de Bruxelles-Capitale","Brussels","Brussels","8624"
"21013","Sint-Gillis","Saint-Gilles","Arrondissement Brussel-Hoofdstad","Arrondissement de Bruxelles-Capitale","Brussels","Brussels","3638"
"21014","Sint-Joost-ten-Node","Saint-Josse-ten-Noode","Arrondissement Brussel-Hoofdstad","Arrondissement de Bruxelles-Capitale","Brussels","Brussels","2202"
"21015","Schaarbeek","Schaerbeek","Arrondissement Brussel-Hoofdstad","Arrondissement de Bruxelles-Capitale","Brussels","Brussels","9843"
"21016","Ukkel","Uccle","Arrondissement Brussel-Hoofdstad","Arrondissement de Bruxelles-Capitale","Brussels","Brussels","5639"
"21017","Watermaal-Bosvoorde","Watermael-Boitsfort","Arrondissement Brussel-Hoofdstad","Arrondissement de Bruxelles-Capitale","Brussels","Brussels","1648"
"21018","Sint-Lambrechts-Woluwe","Woluwe-Saint-Lambert","Arrondissement Brussel-Hoofdstad","Arrondissement de Bruxelles-Capitale","Brussels","Brussels","3508"
"21019","Sint-Pieters-Woluwe","Woluwe-Saint-Pierre","Arrondissement Brussel-Hoofdstad","Arrondissement de Bruxelles-Capitale","Brussels","Brussels","2466"
"23002","Asse","Asse","Arrondissement Halle-Vilvoorde","Arrondissement de Hal-Vilvorde","VlaamsBrabant","Flanders","2132"
"23003","Beersel","Beersel","Arrondissement Halle-Vilvoorde","Arrondissement de Hal-Vilvorde","VlaamsBrabant","Flanders","1440"
"23009","Bever","Biévène","Arrondissement Halle-Vilvoorde","Arrondissement de Hal-Vilvorde","VlaamsBrabant","Flanders","100"
"23016","Dilbeek","Dilbeek","Arrondissement Halle-Vilvoorde","Arrondissement de Hal-Vilvorde","VlaamsBrabant","Flanders","3101"
"23023","Galmaarden","Gammerages","Arrondissement Halle-Vilvoorde","Arrondissement de Hal-Vilvorde","VlaamsBrabant","Flanders","511"
"23024","Gooik","Gooik","Arrondissement Halle-Vilvoorde","Arrondissement de Hal-Vilvorde","VlaamsBrabant","Flanders","471"
"23025","Grimbergen","Grimbergen","Arrondissement Halle-Vilvoorde","Arrondissement de Hal-Vilvorde","VlaamsBrabant","Flanders","2292"
"23027","Halle (Halle-Vilvoorde)","Hal (Hal-Vilvorde)","Arrondissement Halle-Vilvoorde","Arrondissement de Hal-Vilvorde","VlaamsBrabant","Flanders","1976"
"23032","Herne","Herne","Arrondissement Halle-Vilvoorde","Arrondissement de Hal-Vilvorde","VlaamsBrabant","Flanders","310"
"23033","Hoeilaart","Hoeilaart","Arrondissement Halle-Vilvoorde","Arrondissement de Hal-Vilvorde","VlaamsBrabant","Flanders","593"
"23038","Kampenhout","Kampenhout","Arrondissement Halle-Vilvoorde","Arrondissement de Hal-Vilvorde","VlaamsBrabant","Flanders","521"
"23039","Kapelle-op-den-Bos","Kapelle-op-den-Bos","Arrondissement Halle-Vilvoorde","Arrondissement de Hal-Vilvorde","VlaamsBrabant","Flanders","513"
"23044","Liedekerke","Liedekerke","Arrondissement Halle-Vilvoorde","Arrondissement de Hal-Vilvorde","VlaamsBrabant","Flanders","944"
"23045","Londerzeel","Londerzeel","Arrondissement Halle-Vilvoorde","Arrondissement de Hal-Vilvorde","VlaamsBrabant","Flanders","812"
"23047","Machelen (Halle-Vilvoorde)","Machelen (Hal-Vilvorde)","Arrondissement Halle-Vilvoorde","Arrondissement de Hal-Vilvorde","VlaamsBrabant","Flanders","1444"
"23050","Meise","Meise","Arrondissement Halle-Vilvoorde","Arrondissement de Hal-Vilvorde","VlaamsBrabant","Flanders","1058"
"23052","Merchtem","Merchtem","Arrondissement Halle-Vilvoorde","Arrondissement de Hal-Vilvorde","VlaamsBrabant","Flanders","868"
"23060","Opwijk","Opwijk","Arrondissement Halle-Vilvoorde","Arrondissement de Hal-Vilvorde","VlaamsBrabant","Flanders","797"
"23062","Overijse","Overijse","Arrondissement Halle-Vilvoorde","Arrondissement de Hal-Vilvorde","VlaamsBrabant","Flanders","1251"
"23064","Pepingen","Pepingen","Arrondissement Halle-Vilvoorde","Arrondissement de Hal-Vilvorde","VlaamsBrabant","Flanders","271"
"23077","Sint-Pieters-Leeuw","Sint-Pieters-Leeuw","Arrondissement Halle-Vilvoorde","Arrondissement de Hal-Vilvorde","VlaamsBrabant","Flanders","2358"
"23081","Steenokkerzeel","Steenokkerzeel","Arrondissement Halle-Vilvoorde","Arrondissement de Hal-Vilvorde","VlaamsBrabant","Flanders","624"
"23086","Ternat","Ternat","Arrondissement Halle-Vilvoorde","Arrondissement de Hal-Vilvorde","VlaamsBrabant","Flanders","1025"
"23088","Vilvoorde","Vilvorde","Arrondissement Halle-Vilvoorde","Arrondissement de Hal-Vilvorde","VlaamsBrabant","Flanders","3220"
"23094","Zaventem","Zaventem","Arrondissement Halle-Vilvoorde","Arrondissement de Hal-Vilvorde","VlaamsBrabant","Flanders","2047"
"23096","Zemst","Zemst","Arrondissement Halle-Vilvoorde","Arrondissement de Hal-Vilvorde","VlaamsBrabant","Flanders","851"
"23097","Roosdaal","Roosdaal","Arrondissement Halle-Vilvoorde","Arrondissement de Hal-Vilvorde","VlaamsBrabant","Flanders","710"
"23098","Drogenbos","Drogenbos","Arrondissement Halle-Vilvoorde","Arrondissement de Hal-Vilvorde","VlaamsBrabant","Flanders","420"
"23099","Kraainem","Kraainem","Arrondissement Halle-Vilvoorde","Arrondissement de Hal-Vilvorde","VlaamsBrabant","Flanders","895"
"23100","Linkebeek","Linkebeek","Arrondissement Halle-Vilvoorde","Arrondissement de Hal-Vilvorde","VlaamsBrabant","Flanders","351"
"23101","Sint-Genesius-Rode","Rhode-Saint-Genèse","Arrondissement Halle-Vilvoorde","Arrondissement de Hal-Vilvorde","VlaamsBrabant","Flanders","1266"
"23102","Wemmel","Wemmel","Arrondissement Halle-Vilvoorde","Arrondissement de Hal-Vilvorde","VlaamsBrabant","Flanders","1325"
"23103","Wezembeek-Oppem","Wezembeek-Oppem","Arrondissement Halle-Vilvoorde","Arrondissement de Hal-Vilvorde","VlaamsBrabant","Flanders","852"
"23104","Lennik","Lennik","Arrondissement Halle-Vilvoorde","Arrondissement de Hal-Vilvorde","VlaamsBrabant","Flanders","499"
"23105","Affligem","Affligem","Arrondissement Halle-Vilvoorde","Arrondissement de Hal-Vilvorde","VlaamsBrabant","Flanders","743"
"24001","Aarschot","Aarschot","Arrondissement Leuven","Arrondissement de Louvain","VlaamsBrabant","Flanders","867"
"24007","Begijnendijk","Begijnendijk","Arrondissement Leuven","Arrondissement de Louvain","VlaamsBrabant","Flanders","300"
"24008","Bekkevoort","Bekkevoort","Arrondissement Leuven","Arrondissement de Louvain","VlaamsBrabant","Flanders","267"
"24009","Bertem","Bertem","Arrondissement Leuven","Arrondissement de Louvain","VlaamsBrabant","Flanders","309"
"24011","Bierbeek","Bierbeek","Arrondissement Leuven","Arrondissement de Louvain","VlaamsBrabant","Flanders","263"
"24014","Boortmeerbeek","Boortmeerbeek","Arrondissement Leuven","Arrondissement de Louvain","VlaamsBrabant","Flanders","296"
"24016","Boutersem","Boutersem","Arrondissement Leuven","Arrondissement de Louvain","VlaamsBrabant","Flanders","248"
"24020","Diest","Diest","Arrondissement Leuven","Arrondissement de Louvain","VlaamsBrabant","Flanders","782"
"24028","Geetbets","Geetbets","Arrondissement Leuven","Arrondissement de Louvain","VlaamsBrabant","Flanders","287"
"24033","Haacht","Haacht","Arrondissement Leuven","Arrondissement de Louvain","VlaamsBrabant","Flanders","437"
"24038","Herent","Herent","Arrondissement Leuven","Arrondissement de Louvain","VlaamsBrabant","Flanders","619"
"24041","Hoegaarden","Hoegaarden","Arrondissement Leuven","Arrondissement de Louvain","VlaamsBrabant","Flanders","225"
"24043","Holsbeek","Holsbeek","Arrondissement Leuven","Arrondissement de Louvain","VlaamsBrabant","Flanders","285"
"24045","Huldenberg","Huldenberg","Arrondissement Leuven","Arrondissement de Louvain","VlaamsBrabant","Flanders","334"
"24048","Keerbergen","Keerbergen","Arrondissement Leuven","Arrondissement de Louvain","VlaamsBrabant","Flanders","347"
"24054","Kortenaken","Kortenaken","Arrondissement Leuven","Arrondissement de Louvain","VlaamsBrabant","Flanders","260"
"24055","Kortenberg","Kortenberg","Arrondissement Leuven","Arrondissement de Louvain","VlaamsBrabant","Flanders","768"
"24059","Landen","Landen","Arrondissement Leuven","Arrondissement de Louvain","VlaamsBrabant","Flanders","694"
"24062","Leuven","Louvain","Arrondissement Leuven","Arrondissement de Louvain","VlaamsBrabant","Flanders","2927"
"24066","Lubbeek","Lubbeek","Arrondissement Leuven","Arrondissement de Louvain","VlaamsBrabant","Flanders","450"
"24086","Oud-Heverlee","Oud-Heverlee","Arrondissement Leuven","Arrondissement de Louvain","VlaamsBrabant","Flanders","271"
"24094","Rotselaar","Rotselaar","Arrondissement Leuven","Arrondissement de Louvain","VlaamsBrabant","Flanders","486"
"24104","Tervuren","Tervuren","Arrondissement Leuven","Arrondissement de Louvain","VlaamsBrabant","Flanders","856"
"24107","Tienen","Tirlemont","Arrondissement Leuven","Arrondissement de Louvain","VlaamsBrabant","Flanders","1314"
"24109","Tremelo","Tremelo","Arrondissement Leuven","Arrondissement de Louvain","VlaamsBrabant","Flanders","503"
"24130","Zoutleeuw","Léau","Arrondissement Leuven","Arrondissement de Louvain","VlaamsBrabant","Flanders","376"
"24133","Linter","Linter","Arrondissement Leuven","Arrondissement de Louvain","VlaamsBrabant","Flanders","208"
"24134","Scherpenheuvel-Zichem","Montaigu-Zichem","Arrondissement Leuven","Arrondissement de Louvain","VlaamsBrabant","Flanders","756"
"24135","Tielt-Winge","Tielt-Winge","Arrondissement Leuven","Arrondissement de Louvain","VlaamsBrabant","Flanders","267"
"24137","Glabbeek","Glabbeek","Arrondissement Leuven","Arrondissement de Louvain","VlaamsBrabant","Flanders","161"
"25005","Bevekom","Beauvechain","Arrondissement Nijvel","Arrondissement de Nivelles","BrabantWallon","Wallonia","432"
"25014","Eigenbrakel","Braine-l’Alleud","Arrondissement Nijvel","Arrondissement de Nivelles","BrabantWallon","Wallonia","2552"
"25015","Kasteelbrakel","Braine-le-Château","Arrondissement Nijvel","Arrondissement de Nivelles","BrabantWallon","Wallonia","717"
"25018","Chaumont-Gistoux","Chaumont-Gistoux","Arrondissement Nijvel","Arrondissement de Nivelles","BrabantWallon","Wallonia","768"
"25023","Court-Saint-Etienne","Court-Saint-Etienne","Arrondissement Nijvel","Arrondissement de Nivelles","BrabantWallon","Wallonia","684"
"25031","Genepiën","Genappe","Arrondissement Nijvel","Arrondissement de Nivelles","BrabantWallon","Wallonia","1028"
"25037","Graven","Grez-Doiceau","Arrondissement Nijvel","Arrondissement de Nivelles","BrabantWallon","Wallonia","1011"
"25043","Incourt","Incourt","Arrondissement Nijvel","Arrondissement de Nivelles","BrabantWallon","Wallonia","430"
"25044","Itter","Ittre","Arrondissement Nijvel","Arrondissement de Nivelles","BrabantWallon","Wallonia","557"
"25048","Geldenaken","Jodoigne","Arrondissement Nijvel","Arrondissement de Nivelles","BrabantWallon","Wallonia","1002"
"25050","Terhulpen","La Hulpe","Arrondissement Nijvel","Arrondissement de Nivelles","BrabantWallon","Wallonia","535"
"25068","Mont-Saint-Guibert","Mont-Saint-Guibert","Arrondissement Nijvel","Arrondissement de Nivelles","BrabantWallon","Wallonia","611"
"25072","Nijvel","Nivelles","Arrondissement Nijvel","Arrondissement de Nivelles","BrabantWallon","Wallonia","1796"
"25084","Perwijs (Nijvel)","Perwez (Nivelles)","Arrondissement Nijvel","Arrondissement de Nivelles","BrabantWallon","Wallonia","670"
"25091","Rixensart","Rixensart","Arrondissement Nijvel","Arrondissement de Nivelles","BrabantWallon","Wallonia","1573"
"25105","Tubeke","Tubize","Arrondissement Nijvel","Arrondissement de Nivelles","BrabantWallon","Wallonia","1979"
"25107","Villers-la-Ville","Villers-la-Ville","Arrondissement Nijvel","Arrondissement de Nivelles","BrabantWallon","Wallonia","739"
"25110","Waterloo","Waterloo","Arrondissement Nijvel","Arrondissement de Nivelles","BrabantWallon","Wallonia","1891"
"25112","Waver","Wavre","Arrondissement Nijvel","Arrondissement de Nivelles","BrabantWallon","Wallonia","2298"
"25117","Chastre","Chastre","Arrondissement Nijvel","Arrondissement de Nivelles","BrabantWallon","Wallonia","529"
"25118","Hélécine","Hélécine","Arrondissement Nijvel","Arrondissement de Nivelles","BrabantWallon","Wallonia","225"
"25119","Lasne","Lasne","Arrondissement Nijvel","Arrondissement de Nivelles","BrabantWallon","Wallonia","1119"
"25120","Orp-Jauche","Orp-Jauche","Arrondissement Nijvel","Arrondissement de Nivelles","BrabantWallon","Wallonia","580"
"25121","Ottignies-Louvain-la-Neuve","Ottignies-Louvain-la-Neuve","Arrondissement Nijvel","Arrondissement de Nivelles","BrabantWallon","Wallonia","2217"
"25122","Ramillies","Ramillies","Arrondissement Nijvel","Arrondissement de Nivelles","BrabantWallon","Wallonia","509"
"25123","Rebecq","Rebecq","Arrondissement Nijvel","Arrondissement de Nivelles","BrabantWallon","Wallonia","629"
"25124","Walhain","Walhain","Arrondissement Nijvel","Arrondissement de Nivelles","BrabantWallon","Wallonia","657"
"31003","Beernem","Beernem","Arrondissement Brugge","Arrondissement de Bruges","WestVlaanderen","Flanders","649"
"31004","Blankenberge","Blankenberge","Arrondissement Brugge","Arrondissement de Bruges","WestVlaanderen","Flanders","695"
"31005","Brugge","Bruges","Arrondissement Brugge","Arrondissement de Bruges","WestVlaanderen","Flanders","4274"
"31006","Damme","Damme","Arrondissement Brugge","Arrondissement de Bruges","WestVlaanderen","Flanders","344"
"31012","Jabbeke","Jabbeke","Arrondissement Brugge","Arrondissement de Bruges","WestVlaanderen","Flanders","638"
"31022","Oostkamp","Oostkamp","Arrondissement Brugge","Arrondissement de Bruges","WestVlaanderen","Flanders","1052"
"31033","Torhout","Torhout","Arrondissement Brugge","Arrondissement de Bruges","WestVlaanderen","Flanders","1270"
"31040","Zedelgem","Zedelgem","Arrondissement Brugge","Arrondissement de Bruges","WestVlaanderen","Flanders","1016"
"31042","Zuienkerke","Zuienkerke","Arrondissement Brugge","Arrondissement de Bruges","WestVlaanderen","Flanders","74"
"31043","Knokke-Heist","Knokke-Heist","Arrondissement Brugge","Arrondissement de Bruges","WestVlaanderen","Flanders","1273"
"32003","Diksmuide","Dixmude","Arrondissement Diksmuide","Arrondissement de Dixmude","WestVlaanderen","Flanders","828"
"32006","Houthulst","Houthulst","Arrondissement Diksmuide","Arrondissement de Dixmude","WestVlaanderen","Flanders","735"
"32010","Koekelare","Koekelare","Arrondissement Diksmuide","Arrondissement de Dixmude","WestVlaanderen","Flanders","569"
"32011","Kortemark","Kortemark","Arrondissement Diksmuide","Arrondissement de Dixmude","WestVlaanderen","Flanders","886"
"32030","Lo-Reninge","Lo-Reninge","Arrondissement Diksmuide","Arrondissement de Dixmude","WestVlaanderen","Flanders","182"
"33011","Ieper","Ypres","Arrondissement Ieper","Arrondissement d’Ypres","WestVlaanderen","Flanders","1872"
"33016","Mesen","Messines","Arrondissement Ieper","Arrondissement d’Ypres","WestVlaanderen","Flanders","69"
"33021","Poperinge","Poperinge","Arrondissement Ieper","Arrondissement d’Ypres","WestVlaanderen","Flanders","1317"
"33029","Wervik","Wervik","Arrondissement Ieper","Arrondissement d’Ypres","WestVlaanderen","Flanders","1085"
"33037","Zonnebeke","Zonnebeke","Arrondissement Ieper","Arrondissement d’Ypres","WestVlaanderen","Flanders","781"
"33039","Heuvelland","Heuvelland","Arrondissement Ieper","Arrondissement d’Ypres","WestVlaanderen","Flanders","524"
"33040","Langemark-Poelkapelle","Langemark-Poelkapelle","Arrondissement Ieper","Arrondissement d’Ypres","WestVlaanderen","Flanders","463"
"33041","Vleteren","Vleteren","Arrondissement Ieper","Arrondissement d’Ypres","WestVlaanderen","Flanders","213"
"34002","Anzegem","Anzegem","Arrondissement Kortrijk","Arrondissement de Courtrai","WestVlaanderen","Flanders","790"
"34003","Avelgem","Avelgem","Arrondissement Kortrijk","Arrondissement de Courtrai","WestVlaanderen","Flanders","529"
"34009","Deerlijk","Deerlijk","Arrondissement Kortrijk","Arrondissement de Courtrai","WestVlaanderen","Flanders","800"
"34013","Harelbeke","Harelbeke","Arrondissement Kortrijk","Arrondissement de Courtrai","WestVlaanderen","Flanders","1591"
"34022","Kortrijk","Courtrai","Arrondissement Kortrijk","Arrondissement de Courtrai","WestVlaanderen","Flanders","4339"
"34023","Kuurne","Kuurne","Arrondissement Kortrijk","Arrondissement de Courtrai","WestVlaanderen","Flanders","704"
"34025","Lendelede","Lendelede","Arrondissement Kortrijk","Arrondissement de Courtrai","WestVlaanderen","Flanders","417"
"34027","Menen","Menin","Arrondissement Kortrijk","Arrondissement de Courtrai","WestVlaanderen","Flanders","2654"
"34040","Waregem","Waregem","Arrondissement Kortrijk","Arrondissement de Courtrai","WestVlaanderen","Flanders","2335"
"34041","Wevelgem","Wevelgem","Arrondissement Kortrijk","Arrondissement de Courtrai","WestVlaanderen","Flanders","1809"
"34042","Zwevegem","Zwevegem","Arrondissement Kortrijk","Arrondissement de Courtrai","WestVlaanderen","Flanders","1397"
"34043","Spiere-Helkijn","Espierres-Helchin","Arrondissement Kortrijk","Arrondissement de Courtrai","WestVlaanderen","Flanders","157"
"35002","Bredene","Bredene","Arrondissement Oostende","Arrondissement d’Ostende","WestVlaanderen","Flanders","606"
"35005","Gistel","Gistel","Arrondissement Oostende","Arrondissement d’Ostende","WestVlaanderen","Flanders","526"
"35006","Ichtegem","Ichtegem","Arrondissement Oostende","Arrondissement d’Ostende","WestVlaanderen","Flanders","840"
"35011","Middelkerke","Middelkerke","Arrondissement Oostende","Arrondissement d’Ostende","WestVlaanderen","Flanders","882"
"35013","Oostende","Ostende","Arrondissement Oostende","Arrondissement d’Ostende","WestVlaanderen","Flanders","2957"
"35014","Oudenburg","Oudenburg","Arrondissement Oostende","Arrondissement d’Ostende","WestVlaanderen","Flanders","350"
"35029","De Haan","De Haan","Arrondissement Oostende","Arrondissement d’Ostende","WestVlaanderen","Flanders","482"
"36006","Hooglede","Hooglede","Arrondissement Roeselare","Arrondissement de Roulers","WestVlaanderen","Flanders","691"
"36007","Ingelmunster","Ingelmunster","Arrondissement Roeselare","Arrondissement de Roulers","WestVlaanderen","Flanders","692"
"36008","Izegem","Izegem","Arrondissement Roeselare","Arrondissement de Roulers","WestVlaanderen","Flanders","1777"
"36010","Ledegem","Ledegem","Arrondissement Roeselare","Arrondissement de Roulers","WestVlaanderen","Flanders","711"
"36011","Lichtervelde","Lichtervelde","Arrondissement Roeselare","Arrondissement de Roulers","WestVlaanderen","Flanders","459"
"36012","Moorslede","Moorslede","Arrondissement Roeselare","Arrondissement de Roulers","WestVlaanderen","Flanders","822"
"36015","Roeselare","Roulers","Arrondissement Roeselare","Arrondissement de Roulers","WestVlaanderen","Flanders","4072"
"36019","Staden","Staden","Arrondissement Roeselare","Arrondissement de Roulers","WestVlaanderen","Flanders","738"
"37002","Dentergem","Dentergem","Arrondissement Tielt","Arrondissement de Tielt","WestVlaanderen","Flanders","592"
"37007","Meulebeke","Meulebeke","Arrondissement Tielt","Arrondissement de Tielt","WestVlaanderen","Flanders","639"
"37010","Oostrozebeke","Oostrozebeke","Arrondissement Tielt","Arrondissement de Tielt","WestVlaanderen","Flanders","429"
"37011","Pittem","Pittem","Arrondissement Tielt","Arrondissement de Tielt","WestVlaanderen","Flanders","441"
"37012","Ruiselede","Ruiselede","Arrondissement Tielt","Arrondissement de Tielt","WestVlaanderen","Flanders","322"
"37015","Tielt (Tielt)","Tielt (Tielt)","Arrondissement Tielt","Arrondissement de Tielt","WestVlaanderen","Flanders","1440"
"37017","Wielsbeke","Wielsbeke","Arrondissement Tielt","Arrondissement de Tielt","WestVlaanderen","Flanders","549"
"37018","Wingene","Wingene","Arrondissement Tielt","Arrondissement de Tielt","WestVlaanderen","Flanders","836"
"37020","Ardooie","Ardooie","Arrondissement Tielt","Arrondissement de Tielt","WestVlaanderen","Flanders","651"
"38002","Alveringem","Alveringem","Arrondissement Veurne","Arrondissement de Furnes","WestVlaanderen","Flanders","215"
"38008","De Panne","La Panne","Arrondissement Veurne","Arrondissement de Furnes","WestVlaanderen","Flanders","310"
"38014","Koksijde","Koksijde","Arrondissement Veurne","Arrondissement de Furnes","WestVlaanderen","Flanders","727"
"38016","Nieuwpoort","Nieuport","Arrondissement Veurne","Arrondissement de Furnes","WestVlaanderen","Flanders","442"
"38025","Veurne","Furnes","Arrondissement Veurne","Arrondissement de Furnes","WestVlaanderen","Flanders","462"
"41002","Aalst (Aalst)","Alost (Alost)","Arrondissement Aalst","Arrondissement d’Alost","OostVlaanderen","Flanders","4655"
"41011","Denderleeuw","Denderleeuw","Arrondissement Aalst","Arrondissement d’Alost","OostVlaanderen","Flanders","1196"
"41018","Geraardsbergen","Grammont","Arrondissement Aalst","Arrondissement d’Alost","OostVlaanderen","Flanders","2038"
"41024","Haaltert","Haaltert","Arrondissement Aalst","Arrondissement d’Alost","OostVlaanderen","Flanders","1022"
"41027","Herzele","Herzele","Arrondissement Aalst","Arrondissement d’Alost","OostVlaanderen","Flanders","903"
"41034","Lede","Lede","Arrondissement Aalst","Arrondissement d’Alost","OostVlaanderen","Flanders","941"
"41048","Ninove","Ninove","Arrondissement Aalst","Arrondissement d’Alost","OostVlaanderen","Flanders","2356"
"41063","Sint-Lievens-Houtem","Sint-Lievens-Houtem","Arrondissement Aalst","Arrondissement d’Alost","OostVlaanderen","Flanders","538"
"41081","Zottegem","Zottegem","Arrondissement Aalst","Arrondissement d’Alost","OostVlaanderen","Flanders","1331"
"41082","Erpe-Mere","Erpe-Mere","Arrondissement Aalst","Arrondissement d’Alost","OostVlaanderen","Flanders","1116"
"42003","Berlare","Berlare","Arrondissement Dendermonde","Arrondissement de Termonde","OostVlaanderen","Flanders","705"
"42004","Buggenhout","Buggenhout","Arrondissement Dendermonde","Arrondissement de Termonde","OostVlaanderen","Flanders","558"
"42006","Dendermonde","Termonde","Arrondissement Dendermonde","Arrondissement de Termonde","OostVlaanderen","Flanders","2422"
"42008","Hamme (Dendermonde)","Hamme (Termonde)","Arrondissement Dendermonde","Arrondissement de Termonde","OostVlaanderen","Flanders","1296"
"42010","Laarne","Laarne","Arrondissement Dendermonde","Arrondissement de Termonde","OostVlaanderen","Flanders","669"
"42011","Lebbeke","Lebbeke","Arrondissement Dendermonde","Arrondissement de Termonde","OostVlaanderen","Flanders","890"
"42023","Waasmunster","Waasmunster","Arrondissement Dendermonde","Arrondissement de Termonde","OostVlaanderen","Flanders","581"
"42025","Wetteren","Wetteren","Arrondissement Dendermonde","Arrondissement de Termonde","OostVlaanderen","Flanders","1281"
"42026","Wichelen","Wichelen","Arrondissement Dendermonde","Arrondissement de Termonde","OostVlaanderen","Flanders","550"
"42028","Zele","Zele","Arrondissement Dendermonde","Arrondissement de Termonde","OostVlaanderen","Flanders","1245"
"43002","Assenede","Assenede","Arrondissement Eeklo","Arrondissement d’Eeklo","OostVlaanderen","Flanders","449"
"43005","Eeklo","Eeklo","Arrondissement Eeklo","Arrondissement d’Eeklo","OostVlaanderen","Flanders","624"
"43007","Kaprijke","Kaprijke","Arrondissement Eeklo","Arrondissement d’Eeklo","OostVlaanderen","Flanders","159"
"43010","Maldegem","Maldegem","Arrondissement Eeklo","Arrondissement d’Eeklo","OostVlaanderen","Flanders","782"
"43014","Sint-Laureins","Sint-Laureins","Arrondissement Eeklo","Arrondissement d’Eeklo","OostVlaanderen","Flanders","167"
"43018","Zelzate","Zelzate","Arrondissement Eeklo","Arrondissement d’Eeklo","OostVlaanderen","Flanders","479"
"44012","De Pinte","De Pinte","Arrondissement Gent","Arrondissement de Gand","OostVlaanderen","Flanders","391"
"44013","Destelbergen","Destelbergen","Arrondissement Gent","Arrondissement de Gand","OostVlaanderen","Flanders","694"
"44019","Evergem","Evergem","Arrondissement Gent","Arrondissement de Gand","OostVlaanderen","Flanders","1421"
"44020","Gavere","Gavere","Arrondissement Gent","Arrondissement de Gand","OostVlaanderen","Flanders","611"
"44021","Gent","Gand","Arrondissement Gent","Arrondissement de Gand","OostVlaanderen","Flanders","11666"
"44034","Lochristi","Lochristi","Arrondissement Gent","Arrondissement de Gand","OostVlaanderen","Flanders","1133"
"44040","Melle","Melle","Arrondissement Gent","Arrondissement de Gand","OostVlaanderen","Flanders","608"
"44043","Merelbeke","Merelbeke","Arrondissement Gent","Arrondissement de Gand","OostVlaanderen","Flanders","1097"
"44045","Moerbeke (Gent)","Moerbeke (Gand)","Arrondissement Gent","Arrondissement de Gand","OostVlaanderen","Flanders","299"
"44048","Nazareth","Nazareth","Arrondissement Gent","Arrondissement de Gand","OostVlaanderen","Flanders","650"
"44052","Oosterzele","Oosterzele","Arrondissement Gent","Arrondissement de Gand","OostVlaanderen","Flanders","602"
"44064","Sint-Martens-Latem","Sint-Martens-Latem","Arrondissement Gent","Arrondissement de Gand","OostVlaanderen","Flanders","350"
"44073","Wachtebeke","Wachtebeke","Arrondissement Gent","Arrondissement de Gand","OostVlaanderen","Flanders","454"
"44081","Zulte","Zulte","Arrondissement Gent","Arrondissement de Gand","OostVlaanderen","Flanders","1078"
"44083","Deinze","Deinze","Arrondissement Gent","Arrondissement de Gand","OostVlaanderen","Flanders","2188"
"44084","Aalter","Aalter","Arrondissement Gent","Arrondissement de Gand","OostVlaanderen","Flanders","1105"
"44085","Lievegem","Lievegem","Arrondissement Gent","Arrondissement de Gand","OostVlaanderen","Flanders","905"
"45035","Oudenaarde","Audenarde","Arrondissement Oudenaarde","Arrondissement d’Audenarde","OostVlaanderen","Flanders","1586"
"45041","Ronse","Renaix","Arrondissement Oudenaarde","Arrondissement d’Audenarde","OostVlaanderen","Flanders","1658"
"45059","Brakel","Brakel","Arrondissement Oudenaarde","Arrondissement d’Audenarde","OostVlaanderen","Flanders","710"
"45060","Kluisbergen","Kluisbergen","Arrondissement Oudenaarde","Arrondissement d’Audenarde","OostVlaanderen","Flanders","418"
"45061","Wortegem-Petegem","Wortegem-Petegem","Arrondissement Oudenaarde","Arrondissement d’Audenarde","OostVlaanderen","Flanders","394"
"45062","Horebeke","Horebeke","Arrondissement Oudenaarde","Arrondissement d’Audenarde","OostVlaanderen","Flanders","123"
"45063","Lierde","Lierde","Arrondissement Oudenaarde","Arrondissement d’Audenarde","OostVlaanderen","Flanders","337"
"45064","Maarkedal","Maarkedal","Arrondissement Oudenaarde","Arrondissement d’Audenarde","OostVlaanderen","Flanders","346"
"45065","Zwalm","Zwalin","Arrondissement Oudenaarde","Arrondissement d’Audenarde","OostVlaanderen","Flanders","445"
"45068","Kruisem","Kruisem","Arrondissement Oudenaarde","Arrondissement d’Audenarde","OostVlaanderen","Flanders","936"
"46003","Beveren (Sint-Niklaas)","Beveren (Saint-Nicolas)","Arrondissement Sint-Niklaas","Arrondissement de Saint-Nicolas","OostVlaanderen","Flanders","2609"
"46013","Kruibeke","Kruibeke","Arrondissement Sint-Niklaas","Arrondissement de Saint-Nicolas","OostVlaanderen","Flanders","911"
"46014","Lokeren","Lokeren","Arrondissement Sint-Niklaas","Arrondissement de Saint-Nicolas","OostVlaanderen","Flanders","2295"
"46020","Sint-Gillis-Waas","Sint-Gillis-Waas","Arrondissement Sint-Niklaas","Arrondissement de Saint-Nicolas","OostVlaanderen","Flanders","1167"
"46021","Sint-Niklaas (Sint-Niklaas)","Saint-Nicolas (Saint-Nicolas)","Arrondissement Sint-Niklaas","Arrondissement de Saint-Nicolas","OostVlaanderen","Flanders","3982"
"46024","Stekene","Stekene","Arrondissement Sint-Niklaas","Arrondissement de Saint-Nicolas","OostVlaanderen","Flanders","897"
"46025","Temse","Tamise","Arrondissement Sint-Niklaas","Arrondissement de Saint-Nicolas","OostVlaanderen","Flanders","1543"
"51004","Aat","Ath","Arrondissement Aat","Arrondissement d’Ath","Hainaut","Wallonia","2138"
"51008","Beloeil","Beloeil","Arrondissement Aat","Arrondissement d’Ath","Hainaut","Wallonia","1192"
"51009","Bernissart","Bernissart","Arrondissement Aat","Arrondissement d’Ath","Hainaut","Wallonia","884"
"51012","Brugelette","Brugelette","Arrondissement Aat","Arrondissement d’Ath","Hainaut","Wallonia","227"
"51014","Chièvres","Chièvres","Arrondissement Aat","Arrondissement d’Ath","Hainaut","Wallonia","567"
"51017","Elzele","Ellezelles","Arrondissement Aat","Arrondissement d’Ath","Hainaut","Wallonia","374"
"51019","Vloesberg","Flobecq","Arrondissement Aat","Arrondissement d’Ath","Hainaut","Wallonia","224"
"51065","Frasnes-lez-Anvaing","Frasnes-lez-Anvaing","Arrondissement Aat","Arrondissement d’Ath","Hainaut","Wallonia","1021"
"51067","Edingen","Enghien","Arrondissement Aat","Arrondissement d’Ath","Hainaut","Wallonia","812"
"51068","Opzullik","Silly","Arrondissement Aat","Arrondissement d’Ath","Hainaut","Wallonia","509"
"51069","Lessen","Lessines","Arrondissement Aat","Arrondissement d’Ath","Hainaut","Wallonia","1230"
"52010","Chapelle-lez-Herlaimont","Chapelle-lez-Herlaimont","Arrondissement Charleroi","Arrondissement de Charleroi","Hainaut","Wallonia","1486"
"52011","Charleroi","Charleroi","Arrondissement Charleroi","Arrondissement de Charleroi","Hainaut","Wallonia","15966"
"52012","Châtelet","Châtelet","Arrondissement Charleroi","Arrondissement de Charleroi","Hainaut","Wallonia","2737"
"52015","Courcelles","Courcelles","Arrondissement Charleroi","Arrondissement de Charleroi","Hainaut","Wallonia","2444"
"52018","Farciennes","Farciennes","Arrondissement Charleroi","Arrondissement de Charleroi","Hainaut","Wallonia","740"
"52021","Fleurus","Fleurus","Arrondissement Charleroi","Arrondissement de Charleroi","Hainaut","Wallonia","1906"
"52022","Fontaine-l’Evêque","Fontaine-l’Evêque","Arrondissement Charleroi","Arrondissement de Charleroi","Hainaut","Wallonia","1534"
"52025","Gerpinnes","Gerpinnes","Arrondissement Charleroi","Arrondissement de Charleroi","Hainaut","Wallonia","1177"
"52048","Montigny-le-Tilleul","Montigny-le-Tilleul","Arrondissement Charleroi","Arrondissement de Charleroi","Hainaut","Wallonia","908"
"52055","Pont-à-Celles","Pont-à-Celles","Arrondissement Charleroi","Arrondissement de Charleroi","Hainaut","Wallonia","1294"
"52074","Aiseau-Presles","Aiseau-Presles","Arrondissement Charleroi","Arrondissement de Charleroi","Hainaut","Wallonia","888"
"52075","Les Bons Villers","Les Bons Villers","Arrondissement Charleroi","Arrondissement de Charleroi","Hainaut","Wallonia","708"
"53014","Boussu","Boussu","Arrondissement Bergen","Arrondissement de Mons","Hainaut","Wallonia","1340"
"53020","Dour","Dour","Arrondissement Bergen","Arrondissement de Mons","Hainaut","Wallonia","1156"
"53028","Frameries","Frameries","Arrondissement Bergen","Arrondissement de Mons","Hainaut","Wallonia","1701"
"53039","Hensies","Hensies","Arrondissement Bergen","Arrondissement de Mons","Hainaut","Wallonia","471"
"53044","Jurbeke","Jurbise","Arrondissement Bergen","Arrondissement de Mons","Hainaut","Wallonia","726"
"53046","Lens","Lens","Arrondissement Bergen","Arrondissement de Mons","Hainaut","Wallonia","295"
"53053","Bergen","Mons","Arrondissement Bergen","Arrondissement de Mons","Hainaut","Wallonia","6848"
"53065","Quaregnon","Quaregnon","Arrondissement Bergen","Arrondissement de Mons","Hainaut","Wallonia","1365"
"53068","Quiévrain","Quiévrain","Arrondissement Bergen","Arrondissement de Mons","Hainaut","Wallonia","391"
"53070","Saint-Ghislain","Saint-Ghislain","Arrondissement Bergen","Arrondissement de Mons","Hainaut","Wallonia","1760"
"53082","Colfontaine","Colfontaine","Arrondissement Bergen","Arrondissement de Mons","Hainaut","Wallonia","1457"
"53083","Honnelles","Honnelles","Arrondissement Bergen","Arrondissement de Mons","Hainaut","Wallonia","344"
"53084","Quévy","Quévy","Arrondissement Bergen","Arrondissement de Mons","Hainaut","Wallonia","694"
"55004","’s Gravenbrakel","Braine-le-Comte","Arrondissement Zinnik","Arrondissement de Soignies","Hainaut","Wallonia","1450"
"55035","Le Roeulx","Le Roeulx","Arrondissement Zinnik","Arrondissement de Soignies","Hainaut","Wallonia","817"
"55040","Zinnik","Soignies","Arrondissement Zinnik","Arrondissement de Soignies","Hainaut","Wallonia","2087"
"55050","Ecaussinnes","Ecaussinnes","Arrondissement Zinnik","Arrondissement de Soignies","Hainaut","Wallonia","833"
"55085","Seneffe","Seneffe","Arrondissement Zinnik","Arrondissement de Soignies","Hainaut","Wallonia","904"
"55086","Manage","Manage","Arrondissement Zinnik","Arrondissement de Soignies","Hainaut","Wallonia","1965"
"56001","Anderlues","Anderlues","Arrondissement Thuin","Arrondissement de Thuin","Hainaut","Wallonia","1152"
"56005","Beaumont","Beaumont","Arrondissement Thuin","Arrondissement de Thuin","Hainaut","Wallonia","624"
"56016","Chimay","Chimay","Arrondissement Thuin","Arrondissement de Thuin","Hainaut","Wallonia","617"
"56022","Erquelinnes","Erquelinnes","Arrondissement Thuin","Arrondissement de Thuin","Hainaut","Wallonia","704"
"56029","Froidchapelle","Froidchapelle","Arrondissement Thuin","Arrondissement de Thuin","Hainaut","Wallonia","248"
"56044","Lobbes","Lobbes","Arrondissement Thuin","Arrondissement de Thuin","Hainaut","Wallonia","622"
"56049","Merbes-le-Château","Merbes-le-Château","Arrondissement Thuin","Arrondissement de Thuin","Hainaut","Wallonia","354"
"56051","Momignies","Momignies","Arrondissement Thuin","Arrondissement de Thuin","Hainaut","Wallonia","326"
"56078","Thuin","Thuin","Arrondissement Thuin","Arrondissement de Thuin","Hainaut","Wallonia","1210"
"56086","Ham-sur-Heure-Nalinnes","Ham-sur-Heure-Nalinnes","Arrondissement Thuin","Arrondissement de Thuin","Hainaut","Wallonia","1265"
"56088","Sivry-Rance","Sivry-Rance","Arrondissement Thuin","Arrondissement de Thuin","Hainaut","Wallonia","387"
"57003","Antoing","Antoing","Arrondissement Doornik-Moeskroen","Arrondissement de Tournai-Mouscron","Hainaut","Wallonia","745"
"57018","Celles (Doornik)","Celles (Tournai)","Arrondissement Doornik-Moeskroen","Arrondissement de Tournai-Mouscron","Hainaut","Wallonia","629"
"57027","Estaimpuis","Estaimpuis","Arrondissement Doornik-Moeskroen","Arrondissement de Tournai-Mouscron","Hainaut","Wallonia","929"
"57062","Pecq","Pecq","Arrondissement Doornik-Moeskroen","Arrondissement de Tournai-Mouscron","Hainaut","Wallonia","701"
"57064","Péruwelz","Péruwelz","Arrondissement Doornik-Moeskroen","Arrondissement de Tournai-Mouscron","Hainaut","Wallonia","1685"
"57072","Rumes","Rumes","Arrondissement Doornik-Moeskroen","Arrondissement de Tournai-Mouscron","Hainaut","Wallonia","535"
"57081","Doornik","Tournai","Arrondissement Doornik-Moeskroen","Arrondissement de Tournai-Mouscron","Hainaut","Wallonia","6023"
"57093","Brunehaut","Brunehaut","Arrondissement Doornik-Moeskroen","Arrondissement de Tournai-Mouscron","Hainaut","Wallonia","700"
"57094","Leuze-en-Hainaut","Leuze-en-Hainaut","Arrondissement Doornik-Moeskroen","Arrondissement de Tournai-Mouscron","Hainaut","Wallonia","1282"
"57095","Mont-de-l’Enclus","Mont-de-l’Enclus","Arrondissement Doornik-Moeskroen","Arrondissement de Tournai-Mouscron","Hainaut","Wallonia","281"
"57096","Moeskroen","Mouscron","Arrondissement Doornik-Moeskroen","Arrondissement de Tournai-Mouscron","Hainaut","Wallonia","5829"
"57097","Komen-Waasten","Comines-Warneton","Arrondissement Doornik-Moeskroen","Arrondissement de Tournai-Mouscron","Hainaut","Wallonia","1302"
"58001","La Louvière","La Louvière","Arrondissement La Louvière","Arrondissement de La Louvière","Hainaut","Wallonia","7908"
"58002","Binche","Binche","Arrondissement La Louvière","Arrondissement de La Louvière","Hainaut","Wallonia","3647"
"58003","Estinnes","Estinnes","Arrondissement La Louvière","Arrondissement de La Louvière","Hainaut","Wallonia","743"
"58004","Morlanwelz","Morlanwelz","Arrondissement La Louvière","Arrondissement de La Louvière","Hainaut","Wallonia","2033"
"61003","Amay","Amay","Arrondissement Hoei","Arrondissement de Huy","Liège","Wallonia","1182"
"61010","Burdinne","Burdinne","Arrondissement Hoei","Arrondissement de Huy","Liège","Wallonia","256"
"61012","Clavier","Clavier","Arrondissement Hoei","Arrondissement de Huy","Liège","Wallonia","444"
"61019","Ferrières","Ferrières","Arrondissement Hoei","Arrondissement de Huy","Liège","Wallonia","426"
"61024","Hamoir","Hamoir","Arrondissement Hoei","Arrondissement de Huy","Liège","Wallonia","340"
"61028","Héron","Héron","Arrondissement Hoei","Arrondissement de Huy","Liège","Wallonia","427"
"61031","Hoei","Huy","Arrondissement Hoei","Arrondissement de Huy","Liège","Wallonia","1675"
"61039","Marchin","Marchin","Arrondissement Hoei","Arrondissement de Huy","Liège","Wallonia","496"
"61041","Modave","Modave","Arrondissement Hoei","Arrondissement de Huy","Liège","Wallonia","362"
"61043","Nandrin","Nandrin","Arrondissement Hoei","Arrondissement de Huy","Liège","Wallonia","575"
"61048","Ouffet","Ouffet","Arrondissement Hoei","Arrondissement de Huy","Liège","Wallonia","277"
"61063","Verlaine","Verlaine","Arrondissement Hoei","Arrondissement de Huy","Liège","Wallonia","416"
"61068","Villers-Le-Bouillet","Villers-Le-Bouillet","Arrondissement Hoei","Arrondissement de Huy","Liège","Wallonia","645"
"61072","Wanze","Wanze","Arrondissement Hoei","Arrondissement de Huy","Liège","Wallonia","1276"
"61079","Anthisnes","Anthisnes","Arrondissement Hoei","Arrondissement de Huy","Liège","Wallonia","341"
"61080","Engis","Engis","Arrondissement Hoei","Arrondissement de Huy","Liège","Wallonia","470"
"61081","Tinlot","Tinlot","Arrondissement Hoei","Arrondissement de Huy","Liège","Wallonia","263"
"62003","Ans","Ans","Arrondissement Luik","Arrondissement de Liège","Liège","Wallonia","2764"
"62006","Awans","Awans","Arrondissement Luik","Arrondissement de Liège","Liège","Wallonia","916"
"62009","Aywaille","Aywaille","Arrondissement Luik","Arrondissement de Liège","Liège","Wallonia","1172"
"62011","Bitsingen","Bassenge","Arrondissement Luik","Arrondissement de Liège","Liège","Wallonia","967"
"62015","Beyne-Heusay","Beyne-Heusay","Arrondissement Luik","Arrondissement de Liège","Liège","Wallonia","1130"
"62022","Chaudfontaine","Chaudfontaine","Arrondissement Luik","Arrondissement de Liège","Liège","Wallonia","2028"
"62026","Comblain-au-Pont","Comblain-au-Pont","Arrondissement Luik","Arrondissement de Liège","Liège","Wallonia","430"
"62027","Dalhem","Dalhem","Arrondissement Luik","Arrondissement de Liège","Liège","Wallonia","763"
"62032","Esneux","Esneux","Arrondissement Luik","Arrondissement de Liège","Liège","Wallonia","1247"
"62038","Fléron","Fléron","Arrondissement Luik","Arrondissement de Liège","Liège","Wallonia","1515"
"62051","Herstal","Herstal","Arrondissement Luik","Arrondissement de Liège","Liège","Wallonia","4139"
"62060","Juprelle","Juprelle","Arrondissement Luik","Arrondissement de Liège","Liège","Wallonia","1039"
"62063","Luik","Liège","Arrondissement Luik","Arrondissement de Liège","Liège","Wallonia","16769"
"62079","Oupeye","Oupeye","Arrondissement Luik","Arrondissement de Liège","Liège","Wallonia","2441"
"62093","Saint-Nicolas (Luik)","Saint-Nicolas (Liège)","Arrondissement Luik","Arrondissement de Liège","Liège","Wallonia","2450"
"62096","Seraing","Seraing","Arrondissement Luik","Arrondissement de Liège","Liège","Wallonia","5663"
"62099","Soumagne","Soumagne","Arrondissement Luik","Arrondissement de Liège","Liège","Wallonia","1848"
"62100","Sprimont","Sprimont","Arrondissement Luik","Arrondissement de Liège","Liège","Wallonia","1622"
"62108","Wezet","Visé","Arrondissement Luik","Arrondissement de Liège","Liège","Wallonia","1805"
"62118","Grâce-Hollogne","Grâce-Hollogne","Arrondissement Luik","Arrondissement de Liège","Liège","Wallonia","2235"
"62119","Blegny","Blegny","Arrondissement Luik","Arrondissement de Liège","Liège","Wallonia","1570"
"62120","Flémalle","Flémalle","Arrondissement Luik","Arrondissement de Liège","Liège","Wallonia","2466"
"62121","Neupré","Neupré","Arrondissement Luik","Arrondissement de Liège","Liège","Wallonia","1103"
"62122","Trooz","Trooz","Arrondissement Luik","Arrondissement de Liège","Liège","Wallonia","795"
"63001","Amel","Amblève","Arrondissement Verviers","Arrondissement de Verviers","Liège","Wallonia","404"
"63003","Aubel","Aubel","Arrondissement Verviers","Arrondissement de Verviers","Liège","Wallonia","527"
"63004","Baelen","Baelen","Arrondissement Verviers","Arrondissement de Verviers","Liège","Wallonia","332"
"63012","Büllingen","Bullange","Arrondissement Verviers","Arrondissement de Verviers","Liège","Wallonia","445"
"63013","Bütgenbach","Butgenbach","Arrondissement Verviers","Arrondissement de Verviers","Liège","Wallonia","652"
"63020","Dison","Dison","Arrondissement Verviers","Arrondissement de Verviers","Liège","Wallonia","1653"
"63023","Eupen","Eupen","Arrondissement Verviers","Arrondissement de Verviers","Liège","Wallonia","1036"
"63035","Herve","Herve","Arrondissement Verviers","Arrondissement de Verviers","Liège","Wallonia","2109"
"63038","Jalhay","Jalhay","Arrondissement Verviers","Arrondissement de Verviers","Liège","Wallonia","974"
"63040","Kelmis","La Calamine","Arrondissement Verviers","Arrondissement de Verviers","Liège","Wallonia","436"
"63045","Lierneux","Lierneux","Arrondissement Verviers","Arrondissement de Verviers","Liège","Wallonia","379"
"63046","Limburg","Limbourg","Arrondissement Verviers","Arrondissement de Verviers","Liège","Wallonia","573"
"63048","Lontzen","Lontzen","Arrondissement Verviers","Arrondissement de Verviers","Liège","Wallonia","341"
"63049","Malmedy","Malmedy","Arrondissement Verviers","Arrondissement de Verviers","Liège","Wallonia","1466"
"63057","Olne","Olne","Arrondissement Verviers","Arrondissement de Verviers","Liège","Wallonia","366"
"63058","Pepinster","Pepinster","Arrondissement Verviers","Arrondissement de Verviers","Liège","Wallonia","1110"
"63061","Raeren","Raeren","Arrondissement Verviers","Arrondissement de Verviers","Liège","Wallonia","381"
"63067","Sankt Vith","Saint-Vith","Arrondissement Verviers","Arrondissement de Verviers","Liège","Wallonia","760"
"63072","Spa","Spa","Arrondissement Verviers","Arrondissement de Verviers","Liège","Wallonia","1076"
"63073","Stavelot","Stavelot","Arrondissement Verviers","Arrondissement de Verviers","Liège","Wallonia","707"
"63075","Stoumont","Stoumont","Arrondissement Verviers","Arrondissement de Verviers","Liège","Wallonia","296"
"63076","Theux","Theux","Arrondissement Verviers","Arrondissement de Verviers","Liège","Wallonia","1275"
"63079","Verviers","Verviers","Arrondissement Verviers","Arrondissement de Verviers","Liège","Wallonia","5905"
"63080","Weismes","Waimes","Arrondissement Verviers","Arrondissement de Verviers","Liège","Wallonia","856"
"63084","Welkenraedt","Welkenraedt","Arrondissement Verviers","Arrondissement de Verviers","Liège","Wallonia","899"
"63086","Trois-Ponts","Trois-Ponts","Arrondissement Verviers","Arrondissement de Verviers","Liège","Wallonia","199"
"63087","Burg-Reuland","Burg-Reuland","Arrondissement Verviers","Arrondissement de Verviers","Liège","Wallonia","236"
"63088","Plombières","Plombières","Arrondissement Verviers","Arrondissement de Verviers","Liège","Wallonia","892"
"63089","Thimister-Clermont","Thimister-Clermont","Arrondissement Verviers","Arrondissement de Verviers","Liège","Wallonia","713"
"64008","Berloz","Berloz","Arrondissement Borgworm","Arrondissement de Waremme","Liège","Wallonia","231"
"64015","Braives","Braives","Arrondissement Borgworm","Arrondissement de Waremme","Liège","Wallonia","454"
"64021","Crisnée","Crisnée","Arrondissement Borgworm","Arrondissement de Waremme","Liège","Wallonia","316"
"64023","Donceel","Donceel","Arrondissement Borgworm","Arrondissement de Waremme","Liège","Wallonia","255"
"64025","Fexhe-le-Haut-Clocher","Fexhe-le-Haut-Clocher","Arrondissement Borgworm","Arrondissement de Waremme","Liège","Wallonia","253"
"64029","Geer","Geer","Arrondissement Borgworm","Arrondissement de Waremme","Liège","Wallonia","255"
"64034","Hannuit","Hannut","Arrondissement Borgworm","Arrondissement de Waremme","Liège","Wallonia","1159"
"64047","Lijsem","Lincent","Arrondissement Borgworm","Arrondissement de Waremme","Liège","Wallonia","222"
"64056","Oerle","Oreye","Arrondissement Borgworm","Arrondissement de Waremme","Liège","Wallonia","289"
"64063","Remicourt","Remicourt","Arrondissement Borgworm","Arrondissement de Waremme","Liège","Wallonia","522"
"64065","Saint-Georges-sur-Meuse","Saint-Georges-sur-Meuse","Arrondissement Borgworm","Arrondissement de Waremme","Liège","Wallonia","595"
"64074","Borgworm","Waremme","Arrondissement Borgworm","Arrondissement de Waremme","Liège","Wallonia","1154"
"64075","Wasseiges","Wasseiges","Arrondissement Borgworm","Arrondissement de Waremme","Liège","Wallonia","266"
"64076","Faimes","Faimes","Arrondissement Borgworm","Arrondissement de Waremme","Liège","Wallonia","350"
"71002","As","As","Arrondissement Hasselt","Arrondissement de Hasselt","Limburg","Flanders","324"
"71004","Beringen","Beringen","Arrondissement Hasselt","Arrondissement de Hasselt","Limburg","Flanders","1852"
"71011","Diepenbeek","Diepenbeek","Arrondissement Hasselt","Arrondissement de Hasselt","Limburg","Flanders","626"
"71016","Genk","Genk","Arrondissement Hasselt","Arrondissement de Hasselt","Limburg","Flanders","3410"
"71017","Gingelom","Gingelom","Arrondissement Hasselt","Arrondissement de Hasselt","Limburg","Flanders","366"
"71020","Halen","Halen","Arrondissement Hasselt","Arrondissement de Hasselt","Limburg","Flanders","327"
"71022","Hasselt","Hasselt","Arrondissement Hasselt","Arrondissement de Hasselt","Limburg","Flanders","2565"
"71024","Herk-de-Stad","Herck-la-Ville","Arrondissement Hasselt","Arrondissement de Hasselt","Limburg","Flanders","363"
"71034","Leopoldsburg","Bourg-Léopold","Arrondissement Hasselt","Arrondissement de Hasselt","Limburg","Flanders","567"
"71037","Lummen","Lummen","Arrondissement Hasselt","Arrondissement de Hasselt","Limburg","Flanders","367"
"71045","Nieuwerkerken (Hasselt)","Nieuwerkerken (Hasselt)","Arrondissement Hasselt","Arrondissement de Hasselt","Limburg","Flanders","313"
"71053","Sint-Truiden","Saint-Trond","Arrondissement Hasselt","Arrondissement de Hasselt","Limburg","Flanders","2119"
"71057","Tessenderlo","Tessenderlo","Arrondissement Hasselt","Arrondissement de Hasselt","Limburg","Flanders","554"
"71066","Zonhoven","Zonhoven","Arrondissement Hasselt","Arrondissement de Hasselt","Limburg","Flanders","672"
"71067","Zutendaal","Zutendaal","Arrondissement Hasselt","Arrondissement de Hasselt","Limburg","Flanders","250"
"71069","Ham","Ham","Arrondissement Hasselt","Arrondissement de Hasselt","Limburg","Flanders","399"
"71070","Heusden-Zolder","Heusden-Zolder","Arrondissement Hasselt","Arrondissement de Hasselt","Limburg","Flanders","1629"
"72003","Bocholt","Bocholt","Arrondissement Maaseik","Arrondissement de Maaseik","Limburg","Flanders","510"
"72004","Bree","Bree","Arrondissement Maaseik","Arrondissement de Maaseik","Limburg","Flanders","600"
"72018","Kinrooi","Kinrooi","Arrondissement Maaseik","Arrondissement de Maaseik","Limburg","Flanders","437"
"72020","Lommel","Lommel","Arrondissement Maaseik","Arrondissement de Maaseik","Limburg","Flanders","1355"
"72021","Maaseik","Maaseik","Arrondissement Maaseik","Arrondissement de Maaseik","Limburg","Flanders","937"
"72030","Peer","Peer","Arrondissement Maaseik","Arrondissement de Maaseik","Limburg","Flanders","470"
"72037","Hamont-Achel","Hamont-Achel","Arrondissement Maaseik","Arrondissement de Maaseik","Limburg","Flanders","710"
"72038","Hechtel-Eksel","Hechtel-Eksel","Arrondissement Maaseik","Arrondissement de Maaseik","Limburg","Flanders","335"
"72039","Houthalen-Helchteren","Houthalen-Helchteren","Arrondissement Maaseik","Arrondissement de Maaseik","Limburg","Flanders","1488"
"72041","Dilsen-Stokkem","Dilsen-Stokkem","Arrondissement Maaseik","Arrondissement de Maaseik","Limburg","Flanders","875"
"72042","Oudsbergen","Oudsbergen","Arrondissement Maaseik","Arrondissement de Maaseik","Limburg","Flanders","859"
"72043","Pelt","Pelt","Arrondissement Maaseik","Arrondissement de Maaseik","Limburg","Flanders","1087"
"73001","Alken","Alken","Arrondissement Tongeren","Arrondissement de Tongres","Limburg","Flanders","518"
"73006","Bilzen","Bilzen","Arrondissement Tongeren","Arrondissement de Tongres","Limburg","Flanders","1201"
"73009","Borgloon","Looz","Arrondissement Tongeren","Arrondissement de Tongres","Limburg","Flanders","434"
"73022","Heers","Heers","Arrondissement Tongeren","Arrondissement de Tongres","Limburg","Flanders","295"
"73028","Herstappe","Herstappe","Arrondissement Tongeren","Arrondissement de Tongres","Limburg","Flanders","<5"
"73032","Hoeselt","Hoeselt","Arrondissement Tongeren","Arrondissement de Tongres","Limburg","Flanders","354"
"73040","Kortessem","Kortessem","Arrondissement Tongeren","Arrondissement de Tongres","Limburg","Flanders","334"
"73042","Lanaken","Lanaken","Arrondissement Tongeren","Arrondissement de Tongres","Limburg","Flanders","1052"
"73066","Riemst","Riemst","Arrondissement Tongeren","Arrondissement de Tongres","Limburg","Flanders","690"
"73083","Tongeren","Tongres","Arrondissement Tongeren","Arrondissement de Tongres","Limburg","Flanders","1400"
"73098","Wellen","Wellen","Arrondissement Tongeren","Arrondissement de Tongres","Limburg","Flanders","197"
"73107","Maasmechelen","Maasmechelen","Arrondissement Tongeren","Arrondissement de Tongres","Limburg","Flanders","2036"
"73109","Voeren","Fourons","Arrondissement Tongeren","Arrondissement de Tongres","Limburg","Flanders","318"
"81001","Aarlen","Arlon","Arrondissement Aarlen","Arrondissement d’Arlon","Luxembourg","Wallonia","2037"
"81003","Attert","Attert","Arrondissement Aarlen","Arrondissement d’Arlon","Luxembourg","Wallonia","439"
"81004","Aubange","Aubange","Arrondissement Aarlen","Arrondissement d’Arlon","Luxembourg","Wallonia","1130"
"81013","Martelange","Martelange","Arrondissement Aarlen","Arrondissement d’Arlon","Luxembourg","Wallonia","116"
"81015","Messancy","Messancy","Arrondissement Aarlen","Arrondissement d’Arlon","Luxembourg","Wallonia","588"
"82003","Bastenaken","Bastogne","Arrondissement Bastenaken","Arrondissement de Bastogne","Luxembourg","Wallonia","1303"
"82005","Bertogne","Bertogne","Arrondissement Bastenaken","Arrondissement de Bastogne","Luxembourg","Wallonia","292"
"82009","Fauvillers","Fauvillers","Arrondissement Bastenaken","Arrondissement de Bastogne","Luxembourg","Wallonia","164"
"82014","Houffalize","Houffalize","Arrondissement Bastenaken","Arrondissement de Bastogne","Luxembourg","Wallonia","366"
"82032","Vielsalm","Vielsalm","Arrondissement Bastenaken","Arrondissement de Bastogne","Luxembourg","Wallonia","640"
"82036","Vaux-sur-Sûre","Vaux-sur-Sûre","Arrondissement Bastenaken","Arrondissement de Bastogne","Luxembourg","Wallonia","496"
"82037","Gouvy","Gouvy","Arrondissement Bastenaken","Arrondissement de Bastogne","Luxembourg","Wallonia","392"
"82038","Sainte-Ode","Sainte-Ode","Arrondissement Bastenaken","Arrondissement de Bastogne","Luxembourg","Wallonia","258"
"83012","Durbuy","Durbuy","Arrondissement Marche-en-Famenne","Arrondissement de Marche-en-Famenne","Luxembourg","Wallonia","970"
"83013","Erezée","Erezée","Arrondissement Marche-en-Famenne","Arrondissement de Marche-en-Famenne","Luxembourg","Wallonia","240"
"83028","Hotton","Hotton","Arrondissement Marche-en-Famenne","Arrondissement de Marche-en-Famenne","Luxembourg","Wallonia","503"
"83031","La Roche-en-Ardenne","La Roche-en-Ardenne","Arrondissement Marche-en-Famenne","Arrondissement de Marche-en-Famenne","Luxembourg","Wallonia","264"
"83034","Marche-en-Famenne","Marche-en-Famenne","Arrondissement Marche-en-Famenne","Arrondissement de Marche-en-Famenne","Luxembourg","Wallonia","1379"
"83040","Nassogne","Nassogne","Arrondissement Marche-en-Famenne","Arrondissement de Marche-en-Famenne","Luxembourg","Wallonia","383"
"83044","Rendeux","Rendeux","Arrondissement Marche-en-Famenne","Arrondissement de Marche-en-Famenne","Luxembourg","Wallonia","141"
"83049","Tenneville","Tenneville","Arrondissement Marche-en-Famenne","Arrondissement de Marche-en-Famenne","Luxembourg","Wallonia","224"
"83055","Manhay","Manhay","Arrondissement Marche-en-Famenne","Arrondissement de Marche-en-Famenne","Luxembourg","Wallonia","347"
"84009","Bertrix","Bertrix","Arrondissement Neufchâteau","Arrondissement de Neufchâteau","Luxembourg","Wallonia","549"
"84010","Bouillon","Bouillon","Arrondissement Neufchâteau","Arrondissement de Neufchâteau","Luxembourg","Wallonia","375"
"84016","Daverdisse","Daverdisse","Arrondissement Neufchâteau","Arrondissement de Neufchâteau","Luxembourg","Wallonia","77"
"84029","Herbeumont","Herbeumont","Arrondissement Neufchâteau","Arrondissement de Neufchâteau","Luxembourg","Wallonia","101"
"84033","Léglise","Léglise","Arrondissement Neufchâteau","Arrondissement de Neufchâteau","Luxembourg","Wallonia","376"
"84035","Libin","Libin","Arrondissement Neufchâteau","Arrondissement de Neufchâteau","Luxembourg","Wallonia","297"
"84043","Neufchâteau (Neufchâteau)","Neufchâteau (Neufchâteau)","Arrondissement Neufchâteau","Arrondissement de Neufchâteau","Luxembourg","Wallonia","529"
"84050","Paliseul","Paliseul","Arrondissement Neufchâteau","Arrondissement de Neufchâteau","Luxembourg","Wallonia","404"
"84059","Saint-Hubert","Saint-Hubert","Arrondissement Neufchâteau","Arrondissement de Neufchâteau","Luxembourg","Wallonia","329"
"84068","Tellin","Tellin","Arrondissement Neufchâteau","Arrondissement de Neufchâteau","Luxembourg","Wallonia","180"
"84075","Wellin","Wellin","Arrondissement Neufchâteau","Arrondissement de Neufchâteau","Luxembourg","Wallonia","243"
"84077","Libramont-Chevigny","Libramont-Chevigny","Arrondissement Neufchâteau","Arrondissement de Neufchâteau","Luxembourg","Wallonia","731"
"85007","Chiny","Chiny","Arrondissement Virton","Arrondissement de Virton","Luxembourg","Wallonia","354"
"85009","Etalle","Etalle","Arrondissement Virton","Arrondissement de Virton","Luxembourg","Wallonia","358"
"85011","Florenville","Florenville","Arrondissement Virton","Arrondissement de Virton","Luxembourg","Wallonia","334"
"85024","Meix-devant-Virton","Meix-devant-Virton","Arrondissement Virton","Arrondissement de Virton","Luxembourg","Wallonia","155"
"85026","Musson","Musson","Arrondissement Virton","Arrondissement de Virton","Luxembourg","Wallonia","282"
"85034","Saint-Léger (Virton)","Saint-Léger (Virton)","Arrondissement Virton","Arrondissement de Virton","Luxembourg","Wallonia","230"
"85039","Tintigny","Tintigny","Arrondissement Virton","Arrondissement de Virton","Luxembourg","Wallonia","297"
"85045","Virton","Virton","Arrondissement Virton","Arrondissement de Virton","Luxembourg","Wallonia","618"
"85046","Habay","Habay","Arrondissement Virton","Arrondissement de Virton","Luxembourg","Wallonia","594"
"85047","Rouvroy","Rouvroy","Arrondissement Virton","Arrondissement de Virton","Luxembourg","Wallonia","120"
"91005","Anhée","Anhée","Arrondissement Dinant","Arrondissement de Dinant","Namur","Wallonia","529"
"91013","Beauraing","Beauraing","Arrondissement Dinant","Arrondissement de Dinant","Namur","Wallonia","560"
"91015","Bièvre","Bièvre","Arrondissement Dinant","Arrondissement de Dinant","Namur","Wallonia","209"
"91030","Ciney","Ciney","Arrondissement Dinant","Arrondissement de Dinant","Namur","Wallonia","1473"
"91034","Dinant","Dinant","Arrondissement Dinant","Arrondissement de Dinant","Namur","Wallonia","904"
"91054","Gedinne","Gedinne","Arrondissement Dinant","Arrondissement de Dinant","Namur","Wallonia","219"
"91059","Hamois","Hamois","Arrondissement Dinant","Arrondissement de Dinant","Namur","Wallonia","693"
"91064","Havelange","Havelange","Arrondissement Dinant","Arrondissement de Dinant","Namur","Wallonia","411"
"91072","Houyet","Houyet","Arrondissement Dinant","Arrondissement de Dinant","Namur","Wallonia","356"
"91103","Onhaye","Onhaye","Arrondissement Dinant","Arrondissement de Dinant","Namur","Wallonia","232"
"91114","Rochefort","Rochefort","Arrondissement Dinant","Arrondissement de Dinant","Namur","Wallonia","878"
"91120","Somme-Leuze","Somme-Leuze","Arrondissement Dinant","Arrondissement de Dinant","Namur","Wallonia","437"
"91141","Yvoir","Yvoir","Arrondissement Dinant","Arrondissement de Dinant","Namur","Wallonia","758"
"91142","Hastière","Hastière","Arrondissement Dinant","Arrondissement de Dinant","Namur","Wallonia","322"
"91143","Vresse-sur-Semois","Vresse-sur-Semois","Arrondissement Dinant","Arrondissement de Dinant","Namur","Wallonia","210"
"92003","Andenne","Andenne","Arrondissement Namen","Arrondissement de Namur","Namur","Wallonia","2137"
"92006","Assesse","Assesse","Arrondissement Namen","Arrondissement de Namur","Namur","Wallonia","561"
"92035","Eghezée","Eghezée","Arrondissement Namen","Arrondissement de Namur","Namur","Wallonia","1288"
"92045","Floreffe","Floreffe","Arrondissement Namen","Arrondissement de Namur","Namur","Wallonia","625"
"92048","Fosses-la-Ville","Fosses-la-Ville","Arrondissement Namen","Arrondissement de Namur","Namur","Wallonia","906"
"92054","Gesves","Gesves","Arrondissement Namen","Arrondissement de Namur","Namur","Wallonia","486"
"92087","Mettet","Mettet","Arrondissement Namen","Arrondissement de Namur","Namur","Wallonia","1100"
"92094","Namen","Namur","Arrondissement Namen","Arrondissement de Namur","Namur","Wallonia","8538"
"92097","Ohey","Ohey","Arrondissement Namen","Arrondissement de Namur","Namur","Wallonia","383"
"92101","Profondeville","Profondeville","Arrondissement Namen","Arrondissement de Namur","Namur","Wallonia","930"
"92114","Sombreffe","Sombreffe","Arrondissement Namen","Arrondissement de Namur","Namur","Wallonia","673"
"92137","Sambreville","Sambreville","Arrondissement Namen","Arrondissement de Namur","Namur","Wallonia","2526"
"92138","Fernelmont","Fernelmont","Arrondissement Namen","Arrondissement de Namur","Namur","Wallonia","697"
"92140","Jemeppe-sur-Sambre","Jemeppe-sur-Sambre","Arrondissement Namen","Arrondissement de Namur","Namur","Wallonia","1427"
"92141","La Bruyère","La Bruyère","Arrondissement Namen","Arrondissement de Namur","Namur","Wallonia","803"
"92142","Gembloux","Gembloux","Arrondissement Namen","Arrondissement de Namur","Namur","Wallonia","1883"
"93010","Cerfontaine","Cerfontaine","Arrondissement Philippeville","Arrondissement de Philippeville","Namur","Wallonia","329"
"93014","Couvin","Couvin","Arrondissement Philippeville","Arrondissement de Philippeville","Namur","Wallonia","1072"
"93018","Doische","Doische","Arrondissement Philippeville","Arrondissement de Philippeville","Namur","Wallonia","204"
"93022","Florennes","Florennes","Arrondissement Philippeville","Arrondissement de Philippeville","Namur","Wallonia","710"
"93056","Philippeville","Philippeville","Arrondissement Philippeville","Arrondissement de Philippeville","Namur","Wallonia","669"
"93088","Walcourt","Walcourt","Arrondissement Philippeville","Arrondissement de Philippeville","Namur","Wallonia","1392"
"93090","Viroinval","Viroinval","Arrondissement Philippeville","Arrondissement de Philippeville","Namur","Wallonia","291"
NA,NA,NA,NA,NA,NA,NA,"12750"
