country,nuts_2,lau,cases,population,deaths,hospitalized,datetime
NL,Groningen,Loppersum,51,,0,0,2020-10-29T10:00:00
NL,Friesland,Vlieland,16,,0,0,2020-10-29T10:00:00
NL,Drenthe,,10,,0,0,2020-10-29T10:00:00
NL,Friesland,Achtkarspelen,179,,0,0,2020-10-29T10:00:00
NL,Friesland,Ameland,37,,0,0,2020-10-29T10:00:00
NL,Gelderland,Rozendaal,11,,0,1,2020-10-29T10:00:00
NL,Noord-Holland,Opmeer,121,,2,1,2020-10-29T10:00:00
NL,Drenthe,Aa en Hunze,211,,1,1,2020-10-29T10:00:00
NL,Zeeland,Noord-Beveland,68,,1,1,2020-10-29T10:00:00
NL,Friesland,Terschelling,60,,1,1,2020-10-29T10:00:00
NL,Groningen,,12,,0,1,2020-10-29T10:00:00
NL,Friesland,Schiermonnikoog,3,,0,1,2020-10-29T10:00:00
NL,Flevoland,,7,,0,1,2020-10-29T10:00:00
NL,Friesland,,12,,0,1,2020-10-29T10:00:00
NL,Zuid-Holland,Hardinxveld-Giessendam,335,,4,2,2020-10-29T10:00:00
NL,Zeeland,,9,,1,2,2020-10-29T10:00:00
NL,Overijssel,,207,,2,2,2020-10-29T10:00:00
NL,Friesland,Dantumadiel,124,,0,2,2020-10-29T10:00:00
NL,Zeeland,Kapelle,90,,1,3,2020-10-29T10:00:00
NL,Utrecht,Eemnes,145,,1,3,2020-10-29T10:00:00
NL,Friesland,Weststellingwerf,221,,5,3,2020-10-29T10:00:00
NL,Friesland,Harlingen,94,,1,4,2020-10-29T10:00:00
NL,Zuid-Holland,Zoeterwoude,147,,1,4,2020-10-29T10:00:00
NL,Groningen,Veendam,182,,1,4,2020-10-29T10:00:00
NL,Noord-Holland,Beemster,129,,1,4,2020-10-29T10:00:00
NL,Zeeland,Borsele,151,,1,5,2020-10-29T10:00:00
NL,Utrecht,Renswoude,85,,5,5,2020-10-29T10:00:00
NL,Friesland,Ooststellingwerf,165,,1,5,2020-10-29T10:00:00
NL,Noord-Holland,Landsmeer,229,,3,5,2020-10-29T10:00:00
NL,Gelderland,Scherpenzeel,159,,2,5,2020-10-29T10:00:00
NL,Noord-Holland,Texel,85,,2,6,2020-10-29T10:00:00
NL,Noord-Holland,Drechterland,270,,8,6,2020-10-29T10:00:00
NL,Drenthe,Midden-Drenthe,292,,0,6,2020-10-29T10:00:00
NL,Zeeland,Reimerswaal,210,,2,6,2020-10-29T10:00:00
NL,Groningen,Pekela,77,,0,6,2020-10-29T10:00:00
NL,Drenthe,Noordenveld,247,,14,6,2020-10-29T10:00:00
NL,Zuid-Holland,Westvoorne,288,,0,6,2020-10-29T10:00:00
NL,Friesland,Tytsjerksteradiel,229,,3,7,2020-10-29T10:00:00
NL,Noord-Holland,Uitgeest,225,,1,7,2020-10-29T10:00:00
NL,Limburg,Mook en Middelaar,159,,5,7,2020-10-29T10:00:00
NL,Groningen,Het Hogeland,379,,5,7,2020-10-29T10:00:00
NL,Friesland,Noardeast-Fryslân,278,,4,7,2020-10-29T10:00:00
NL,Utrecht,,140,,1,7,2020-10-29T10:00:00
NL,Groningen,Appingedam,52,,0,7,2020-10-29T10:00:00
NL,Limburg,,64,,3,7,2020-10-29T10:00:00
NL,Groningen,Delfzijl,134,,0,7,2020-10-29T10:00:00
NL,Overijssel,Wierden,502,,6,7,2020-10-29T10:00:00
NL,Noord-Holland,Ouder-Amstel,379,,0,8,2020-10-29T10:00:00
NL,Drenthe,Borger-Odoorn,255,,6,8,2020-10-29T10:00:00
NL,Zuid-Holland,Midden-Delfland,398,,1,8,2020-10-29T10:00:00
NL,Zuid-Holland,Hillegom,403,,2,8,2020-10-29T10:00:00
NL,Friesland,Opsterland,178,,0,8,2020-10-29T10:00:00
NL,Zeeland,Veere,122,,2,8,2020-10-29T10:00:00
NL,Noord-Brabant,Waalre,302,,8,8,2020-10-29T10:00:00
NL,Noord-Holland,Blaricum,188,,2,8,2020-10-29T10:00:00
NL,Overijssel,Staphorst,324,,4,8,2020-10-29T10:00:00
NL,Groningen,Stadskanaal,278,,3,8,2020-10-29T10:00:00
NL,Drenthe,Westerveld,113,,4,9,2020-10-29T10:00:00
NL,Overijssel,Ommen,186,,4,9,2020-10-29T10:00:00
NL,Gelderland,Winterswijk,269,,4,9,2020-10-29T10:00:00
NL,Noord-Holland,Koggenland,291,,8,9,2020-10-29T10:00:00
NL,Utrecht,Woudenberg,218,,2,9,2020-10-29T10:00:00
NL,Noord-Brabant,Mill en Sint Hubert,236,,5,9,2020-10-29T10:00:00
NL,Limburg,Bergen (L.),172,,2,9,2020-10-29T10:00:00
NL,Zuid-Holland,Kaag en Braassem,476,,3,9,2020-10-29T10:00:00
NL,Zuid-Holland,Papendrecht,627,,10,9,2020-10-29T10:00:00
NL,Noord-Brabant,Baarle-Nassau,103,,2,9,2020-10-29T10:00:00
NL,Noord-Holland,Laren,207,,3,10,2020-10-29T10:00:00
NL,Noord-Brabant,Woensdrecht,391,,13,10,2020-10-29T10:00:00
NL,Limburg,Vaals,66,,2,10,2020-10-29T10:00:00
NL,Noord-Holland,Bloemendaal,376,,6,10,2020-10-29T10:00:00
NL,Groningen,Midden-Groningen,381,,5,10,2020-10-29T10:00:00
NL,Zuid-Holland,Wassenaar,475,,13,10,2020-10-29T10:00:00
NL,Zeeland,Sluis,93,,4,10,2020-10-29T10:00:00
NL,Zuid-Holland,Sliedrecht,471,,5,10,2020-10-29T10:00:00
NL,Noord-Holland,Weesp,549,,14,10,2020-10-29T10:00:00
NL,Groningen,Oldambt,220,,4,10,2020-10-29T10:00:00
NL,Noord-Holland,Wijdemeren,424,,1,11,2020-10-29T10:00:00
NL,Zuid-Holland,Oegstgeest,439,,3,11,2020-10-29T10:00:00
NL,Noord-Holland,Aalsmeer,640,,6,11,2020-10-29T10:00:00
NL,Gelderland,Doesburg,179,,7,11,2020-10-29T10:00:00
NL,Zuid-Holland,Lisse,370,,4,11,2020-10-29T10:00:00
NL,Utrecht,Leusden,502,,9,11,2020-10-29T10:00:00
NL,Zuid-Holland,Alblasserdam,568,,9,11,2020-10-29T10:00:00
NL,Drenthe,Meppel,282,,5,11,2020-10-29T10:00:00
NL,Drenthe,Tynaarlo,279,,1,11,2020-10-29T10:00:00
NL,Zeeland,Vlissingen,304,,5,11,2020-10-29T10:00:00
NL,Gelderland,Putten,257,,1,11,2020-10-29T10:00:00
NL,Overijssel,Losser,396,,2,11,2020-10-29T10:00:00
NL,Zuid-Holland,Voorschoten,426,,11,11,2020-10-29T10:00:00
NL,Utrecht,Wijk bij Duurstede,343,,4,12,2020-10-29T10:00:00
NL,Gelderland,,203,,2,12,2020-10-29T10:00:00
NL,Groningen,Westerwolde,208,,2,12,2020-10-29T10:00:00
NL,Noord-Holland,Heiloo,277,,9,12,2020-10-29T10:00:00
NL,Overijssel,Tubbergen,671,,6,12,2020-10-29T10:00:00
NL,Noord-Holland,Oostzaan,250,,2,12,2020-10-29T10:00:00
NL,Utrecht,Bunnik,260,,2,12,2020-10-29T10:00:00
NL,Overijssel,Olst-Wijhe,208,,8,12,2020-10-29T10:00:00
NL,Gelderland,Westervoort,171,,6,12,2020-10-29T10:00:00
NL,Friesland,Smallingerland,392,,7,12,2020-10-29T10:00:00
NL,Overijssel,Twenterand,457,,2,12,2020-10-29T10:00:00
NL,Zuid-Holland,Hendrik-Ido-Ambacht,746,,7,13,2020-10-29T10:00:00
NL,Zuid-Holland,Nieuwkoop,475,,7,13,2020-10-29T10:00:00
NL,Zeeland,Hulst,269,,5,13,2020-10-29T10:00:00
NL,Overijssel,Hellendoorn,498,,14,13,2020-10-29T10:00:00
NL,Gelderland,Aalten,348,,7,13,2020-10-29T10:00:00
NL,Flevoland,Zeewolde,260,,6,13,2020-10-29T10:00:00
NL,Utrecht,Rhenen,332,,6,13,2020-10-29T10:00:00
NL,Zeeland,Schouwen-Duiveland,350,,13,13,2020-10-29T10:00:00
NL,Noord-Holland,Zandvoort,258,,9,14,2020-10-29T10:00:00
NL,Drenthe,Assen,617,,3,14,2020-10-29T10:00:00
NL,Noord-Brabant,Hilvarenbeek,319,,9,14,2020-10-29T10:00:00
NL,Noord-Brabant,Rucphen,472,,10,14,2020-10-29T10:00:00
NL,Noord-Brabant,Cuijk,453,,10,15,2020-10-29T10:00:00
NL,Friesland,Waadhoeke,421,,17,15,2020-10-29T10:00:00
NL,Zeeland,Goes,407,,13,15,2020-10-29T10:00:00
NL,Zuid-Holland,Bodegraven-Reeuwijk,664,,11,15,2020-10-29T10:00:00
NL,Noord-Brabant,Geertruidenberg,308,,6,15,2020-10-29T10:00:00
NL,Noord-Holland,Den Helder,402,,2,15,2020-10-29T10:00:00
NL,Noord-Brabant,Reusel-De Mierden,417,,2,15,2020-10-29T10:00:00
NL,Overijssel,Steenwijkerland,405,,9,15,2020-10-29T10:00:00
NL,Utrecht,Montfoort,252,,7,15,2020-10-29T10:00:00
NL,Zuid-Holland,Brielle,323,,0,16,2020-10-29T10:00:00
NL,Overijssel,Borne,365,,6,16,2020-10-29T10:00:00
NL,Utrecht,Baarn,422,,9,16,2020-10-29T10:00:00
NL,Utrecht,Bunschoten,585,,8,16,2020-10-29T10:00:00
NL,Drenthe,De Wolden,236,,5,16,2020-10-29T10:00:00
NL,Friesland,Heerenveen,382,,22,16,2020-10-29T10:00:00
NL,Overijssel,Oldenzaal,654,,17,16,2020-10-29T10:00:00
NL,Overijssel,Dalfsen,447,,7,17,2020-10-29T10:00:00
NL,Gelderland,Lochem,409,,15,17,2020-10-29T10:00:00
NL,Limburg,Voerendaal,118,,8,17,2020-10-29T10:00:00
NL,Gelderland,Duiven,355,,6,17,2020-10-29T10:00:00
NL,Gelderland,Renkum,475,,10,17,2020-10-29T10:00:00
NL,Noord-Brabant,,470,,3,17,2020-10-29T10:00:00
NL,Gelderland,Maasdriel,376,,9,17,2020-10-29T10:00:00
NL,Overijssel,Haaksbergen,510,,11,17,2020-10-29T10:00:00
NL,Noord-Brabant,Oirschot,391,,9,17,2020-10-29T10:00:00
NL,Noord-Holland,Heemstede,434,,35,17,2020-10-29T10:00:00
NL,Noord-Holland,,252,,2,17,2020-10-29T10:00:00
NL,Limburg,Gennep,228,,10,17,2020-10-29T10:00:00
NL,Gelderland,Hattem,141,,5,18,2020-10-29T10:00:00
NL,Noord-Brabant,Heeze-Leende,339,,8,18,2020-10-29T10:00:00
NL,Limburg,Beek,165,,8,18,2020-10-29T10:00:00
NL,Noord-Brabant,Asten,267,,12,18,2020-10-29T10:00:00
NL,Gelderland,Berkelland,618,,10,18,2020-10-29T10:00:00
NL,Zuid-Holland,Krimpen aan den IJssel,799,,13,18,2020-10-29T10:00:00
NL,Zuid-Holland,Albrandswaard,818,,9,18,2020-10-29T10:00:00
NL,Noord-Brabant,Steenbergen,471,,14,18,2020-10-29T10:00:00
NL,Drenthe,Coevorden,320,,2,18,2020-10-29T10:00:00
NL,Noord-Holland,Castricum,438,,10,18,2020-10-29T10:00:00
NL,Gelderland,Voorst,269,,11,18,2020-10-29T10:00:00
NL,Gelderland,Bronckhorst,524,,7,18,2020-10-29T10:00:00
NL,Noord-Brabant,Alphen-Chaam,175,,5,18,2020-10-29T10:00:00
NL,Groningen,Westerkwartier,423,,4,19,2020-10-29T10:00:00
NL,Noord-Holland,Stede Broec,244,,5,19,2020-10-29T10:00:00
NL,Gelderland,Brummen,199,,6,19,2020-10-29T10:00:00
NL,Flevoland,Noordoostpolder,413,,11,19,2020-10-29T10:00:00
NL,Zuid-Holland,Gorinchem,785,,17,19,2020-10-29T10:00:00
NL,Gelderland,Heumen,351,,13,19,2020-10-29T10:00:00
NL,Limburg,Simpelveld,100,,5,19,2020-10-29T10:00:00
NL,Noord-Brabant,Moerdijk,675,,10,19,2020-10-29T10:00:00
NL,Zuid-Holland,Teylingen,698,,4,19,2020-10-29T10:00:00
NL,Limburg,Valkenburg aan de Geul,223,,9,20,2020-10-29T10:00:00
NL,Noord-Brabant,Haaren,277,,8,20,2020-10-29T10:00:00
NL,Noord-Brabant,"Nuenen, Gerwen en Nederwetten",383,,10,20,2020-10-29T10:00:00
NL,Zuid-Holland,Molenlanden,787,,12,20,2020-10-29T10:00:00
NL,Overijssel,Hof van Twente,537,,6,20,2020-10-29T10:00:00
NL,Noord-Holland,Waterland,366,,7,20,2020-10-29T10:00:00
NL,Noord-Brabant,Bergeijk,429,,5,20,2020-10-29T10:00:00
NL,Limburg,Beesel,180,,8,20,2020-10-29T10:00:00
NL,Noord-Brabant,Boxmeer,530,,28,20,2020-10-29T10:00:00
NL,Noord-Holland,Medemblik,511,,6,20,2020-10-29T10:00:00
NL,Noord-Holland,Enkhuizen,194,,4,20,2020-10-29T10:00:00
NL,Noord-Holland,Beverwijk,715,,13,20,2020-10-29T10:00:00
NL,Gelderland,Beuningen,386,,6,20,2020-10-29T10:00:00
NL,Noord-Holland,Schagen,559,,11,20,2020-10-29T10:00:00
NL,Overijssel,Dinkelland,618,,11,21,2020-10-29T10:00:00
NL,Noord-Holland,Langedijk,404,,7,21,2020-10-29T10:00:00
NL,Noord-Brabant,Drimmelen,411,,9,21,2020-10-29T10:00:00
NL,Zuid-Holland,Hellevoetsluis,680,,7,21,2020-10-29T10:00:00
NL,Noord-Holland,Uithoorn,584,,3,21,2020-10-29T10:00:00
NL,Noord-Brabant,Gilze en Rijen,461,,16,21,2020-10-29T10:00:00
NL,Noord-Brabant,Sint Anthonis,213,,11,21,2020-10-29T10:00:00
NL,Gelderland,Oost Gelre,488,,11,21,2020-10-29T10:00:00
NL,Friesland,Súdwest-Fryslân,863,,6,21,2020-10-29T10:00:00
NL,Zuid-Holland,,890,,9,21,2020-10-29T10:00:00
NL,Zeeland,Middelburg,330,,10,21,2020-10-29T10:00:00
NL,Noord-Holland,Wormerland,301,,12,21,2020-10-29T10:00:00
NL,Noord-Holland,Bergen (NH.),557,,13,22,2020-10-29T10:00:00
NL,Gelderland,Wageningen,621,,19,23,2020-10-29T10:00:00
NL,Friesland,De Fryske Marren,476,,8,23,2020-10-29T10:00:00
NL,Gelderland,West Maas en Waal,304,,10,23,2020-10-29T10:00:00
NL,Gelderland,Zaltbommel,444,,10,23,2020-10-29T10:00:00
NL,Noord-Brabant,Bladel,689,,9,23,2020-10-29T10:00:00
NL,Limburg,Meerssen,212,,13,23,2020-10-29T10:00:00
NL,Gelderland,Buren,389,,8,23,2020-10-29T10:00:00
NL,Noord-Brabant,Valkenswaard,699,,37,23,2020-10-29T10:00:00
NL,Noord-Brabant,Boxtel,503,,26,24,2020-10-29T10:00:00
NL,Flevoland,Urk,167,,4,24,2020-10-29T10:00:00
NL,Noord-Holland,Diemen,975,,18,24,2020-10-29T10:00:00
NL,Noord-Brabant,Grave,267,,11,24,2020-10-29T10:00:00
NL,Utrecht,Lopik,302,,8,24,2020-10-29T10:00:00
NL,Limburg,Gulpen-Wittem,234,,15,24,2020-10-29T10:00:00
NL,Gelderland,Oude IJsselstreek,408,,9,24,2020-10-29T10:00:00
NL,Overijssel,Hardenberg,671,,10,24,2020-10-29T10:00:00
NL,Zuid-Holland,Leiderdorp,533,,7,24,2020-10-29T10:00:00
NL,Gelderland,Barneveld,873,,11,24,2020-10-29T10:00:00
NL,Noord-Brabant,Zundert,424,,11,25,2020-10-29T10:00:00
NL,Zeeland,Terneuzen,439,,4,25,2020-10-29T10:00:00
NL,Noord-Brabant,Halderberge,598,,12,25,2020-10-29T10:00:00
NL,Overijssel,Raalte,531,,24,25,2020-10-29T10:00:00
NL,Gelderland,Montferland,433,,9,25,2020-10-29T10:00:00
NL,Noord-Holland,Hollands Kroon,423,,6,26,2020-10-29T10:00:00
NL,Noord-Brabant,Dongen,451,,13,26,2020-10-29T10:00:00
NL,Zuid-Holland,Waddinxveen,622,,7,27,2020-10-29T10:00:00
NL,Gelderland,Nijkerk,757,,4,27,2020-10-29T10:00:00
NL,Noord-Brabant,Oisterwijk,408,,12,27,2020-10-29T10:00:00
NL,Drenthe,Hoogeveen,590,,12,27,2020-10-29T10:00:00
NL,Limburg,Roerdalen,143,,8,27,2020-10-29T10:00:00
NL,Limburg,Maasgouw,247,,15,28,2020-10-29T10:00:00
NL,Noord-Holland,Gooise Meren,1043,,15,28,2020-10-29T10:00:00
NL,Gelderland,Druten,302,,9,28,2020-10-29T10:00:00
NL,Gelderland,Culemborg,558,,10,28,2020-10-29T10:00:00
NL,Noord-Holland,Heerhugowaard,750,,10,29,2020-10-29T10:00:00
NL,Gelderland,Elburg,304,,8,29,2020-10-29T10:00:00
NL,Zuid-Holland,Zwijndrecht,1177,,31,29,2020-10-29T10:00:00
NL,Noord-Brabant,Loon op Zand,430,,19,29,2020-10-29T10:00:00
NL,Utrecht,Oudewater,210,,11,30,2020-10-29T10:00:00
NL,Noord-Brabant,Eersel,477,,10,30,2020-10-29T10:00:00
NL,Noord-Holland,Huizen,853,,10,30,2020-10-29T10:00:00
NL,Overijssel,Rijssen-Holten,657,,26,30,2020-10-29T10:00:00
NL,Zuid-Holland,Maassluis,896,,12,30,2020-10-29T10:00:00
NL,Noord-Brabant,Son en Breugel,284,,15,31,2020-10-29T10:00:00
NL,Zuid-Holland,Noordwijk,817,,4,31,2020-10-29T10:00:00
NL,Zuid-Holland,Zuidplas,1069,,23,32,2020-10-29T10:00:00
NL,Zuid-Holland,Pijnacker-Nootdorp,1273,,18,32,2020-10-29T10:00:00
NL,Overijssel,Almelo,1208,,14,32,2020-10-29T10:00:00
NL,Groningen,Groningen,3425,,4,32,2020-10-29T10:00:00
NL,Limburg,Nederweert,254,,7,33,2020-10-29T10:00:00
NL,Gelderland,Ermelo,366,,23,33,2020-10-29T10:00:00
NL,Utrecht,Utrechtse Heuvelrug,906,,18,33,2020-10-29T10:00:00
NL,Noord-Brabant,Goirle,463,,22,33,2020-10-29T10:00:00
NL,Utrecht,De Bilt,919,,24,33,2020-10-29T10:00:00
NL,Gelderland,Doetinchem,712,,17,33,2020-10-29T10:00:00
NL,Noord-Brabant,Someren,299,,8,34,2020-10-29T10:00:00
NL,Noord-Holland,Heemskerk,644,,15,34,2020-10-29T10:00:00
NL,Gelderland,Zutphen,487,,13,34,2020-10-29T10:00:00
NL,Utrecht,Houten,877,,21,34,2020-10-29T10:00:00
NL,Noord-Brabant,Best,467,,12,35,2020-10-29T10:00:00
NL,Overijssel,Zwartewaterland,375,,22,35,2020-10-29T10:00:00
NL,Gelderland,Rheden,563,,15,35,2020-10-29T10:00:00
NL,Noord-Brabant,Boekel,198,,20,36,2020-10-29T10:00:00
NL,Utrecht,Soest,1019,,15,36,2020-10-29T10:00:00
NL,Noord-Brabant,Sint-Michielsgestel,579,,19,37,2020-10-29T10:00:00
NL,Noord-Brabant,Geldrop-Mierlo,667,,16,37,2020-10-29T10:00:00
NL,Noord-Brabant,Veldhoven,917,,19,37,2020-10-29T10:00:00
NL,Zuid-Holland,Leidschendam-Voorburg,1560,,29,38,2020-10-29T10:00:00
NL,Gelderland,Lingewaard,776,,12,38,2020-10-29T10:00:00
NL,Noord-Brabant,Altena,910,,18,39,2020-10-29T10:00:00
NL,Noord-Holland,Hilversum,1533,,26,39,2020-10-29T10:00:00
NL,Noord-Holland,Edam-Volendam,938,,5,39,2020-10-29T10:00:00
NL,Overijssel,Hengelo,1437,,24,39,2020-10-29T10:00:00
NL,Gelderland,Oldebroek,295,,19,40,2020-10-29T10:00:00
NL,Flevoland,Dronten,365,,14,40,2020-10-29T10:00:00
NL,Noord-Holland,Hoorn,977,,14,40,2020-10-29T10:00:00
NL,Gelderland,Berg en Dal,766,,24,40,2020-10-29T10:00:00
NL,Limburg,Horst aan de Maas,684,,28,41,2020-10-29T10:00:00
NL,Limburg,Venray,826,,20,41,2020-10-29T10:00:00
NL,Noord-Brabant,Landerd,424,,21,42,2020-10-29T10:00:00
NL,Noord-Brabant,Laarbeek,402,,26,42,2020-10-29T10:00:00
NL,Limburg,Echt-Susteren,258,,19,43,2020-10-29T10:00:00
NL,Noord-Brabant,Vught,456,,17,43,2020-10-29T10:00:00
NL,Utrecht,IJsselstein,706,,35,43,2020-10-29T10:00:00
NL,Gelderland,Neder-Betuwe,455,,22,43,2020-10-29T10:00:00
NL,Noord-Brabant,Waalwijk,922,,40,44,2020-10-29T10:00:00
NL,Zeeland,Tholen,421,,19,44,2020-10-29T10:00:00
NL,Friesland,Leeuwarden,1365,,10,45,2020-10-29T10:00:00
NL,Noord-Brabant,Roosendaal,1636,,27,45,2020-10-29T10:00:00
NL,Zuid-Holland,Katwijk,1629,,21,45,2020-10-29T10:00:00
NL,Utrecht,Zeist,1254,,30,45,2020-10-29T10:00:00
NL,Noord-Brabant,Bergen op Zoom,1721,,19,46,2020-10-29T10:00:00
NL,Drenthe,Emmen,1408,,23,47,2020-10-29T10:00:00
NL,Gelderland,Harderwijk,673,,22,47,2020-10-29T10:00:00
NL,Utrecht,Stichtse Vecht,1219,,17,47,2020-10-29T10:00:00
NL,Zuid-Holland,Ridderkerk,1189,,20,47,2020-10-29T10:00:00
NL,Noord-Holland,Velsen,1252,,44,48,2020-10-29T10:00:00
NL,Gelderland,Tiel,822,,22,48,2020-10-29T10:00:00
NL,Noord-Brabant,Etten-Leur,921,,31,48,2020-10-29T10:00:00
NL,Limburg,Stein,271,,15,48,2020-10-29T10:00:00
NL,Zuid-Holland,Delft,2584,,16,48,2020-10-29T10:00:00
NL,Utrecht,Vijfheerenlanden,1216,,44,48,2020-10-29T10:00:00
NL,Noord-Brabant,Heusden,817,,26,49,2020-10-29T10:00:00
NL,Overijssel,Deventer,1398,,40,50,2020-10-29T10:00:00
NL,Zuid-Holland,Lansingerland,1583,,34,50,2020-10-29T10:00:00
NL,Utrecht,De Ronde Venen,856,,15,50,2020-10-29T10:00:00
NL,Limburg,Brunssum,312,,21,50,2020-10-29T10:00:00
NL,Zuid-Holland,Barendrecht,1440,,18,50,2020-10-29T10:00:00
NL,Gelderland,Wijchen,666,,15,51,2020-10-29T10:00:00
NL,Noord-Brabant,Oosterhout,979,,17,52,2020-10-29T10:00:00
NL,Limburg,Beekdaelen,414,,26,52,2020-10-29T10:00:00
NL,Gelderland,West Betuwe,814,,30,52,2020-10-29T10:00:00
NL,Gelderland,Epe,418,,23,53,2020-10-29T10:00:00
NL,Overijssel,Zwolle,1471,,50,54,2020-10-29T10:00:00
NL,Limburg,Leudal,437,,33,54,2020-10-29T10:00:00
NL,Gelderland,Heerde,310,,28,55,2020-10-29T10:00:00
NL,Utrecht,Nieuwegein,1116,,15,55,2020-10-29T10:00:00
NL,Limburg,Landgraaf,346,,14,55,2020-10-29T10:00:00
NL,Zuid-Holland,Krimpenerwaard,1226,,37,55,2020-10-29T10:00:00
NL,Gelderland,Zevenaar,527,,17,56,2020-10-29T10:00:00
NL,Utrecht,Veenendaal,1451,,16,57,2020-10-29T10:00:00
NL,Noord-Brabant,Deurne,705,,26,58,2020-10-29T10:00:00
NL,Limburg,Eijsden-Margraten,420,,28,58,2020-10-29T10:00:00
NL,Zuid-Holland,Goeree-Overflakkee,909,,35,58,2020-10-29T10:00:00
NL,Zuid-Holland,Vlaardingen,2300,,34,59,2020-10-29T10:00:00
NL,Gelderland,Overbetuwe,656,,18,60,2020-10-29T10:00:00
NL,Zuid-Holland,Leiden,2887,,25,60,2020-10-29T10:00:00
NL,Overijssel,Kampen,685,,37,61,2020-10-29T10:00:00
NL,Zuid-Holland,Rijswijk,1380,,39,61,2020-10-29T10:00:00
NL,Gelderland,Nunspeet,432,,22,62,2020-10-29T10:00:00
NL,Noord-Brabant,Cranendonck,488,,36,63,2020-10-29T10:00:00
NL,Utrecht,Woerden,925,,22,64,2020-10-29T10:00:00
NL,Limburg,Roermond,620,,24,65,2020-10-29T10:00:00
NL,Noord-Holland,Alkmaar,1484,,32,65,2020-10-29T10:00:00
NL,Zuid-Holland,Gouda,1842,,54,67,2020-10-29T10:00:00
NL,Limburg,Kerkrade,516,,37,68,2020-10-29T10:00:00
NL,Overijssel,Enschede,2675,,38,68,2020-10-29T10:00:00
NL,Zuid-Holland,Zoetermeer,2620,,19,69,2020-10-29T10:00:00
NL,Limburg,Weert,706,,16,72,2020-10-29T10:00:00
NL,Zuid-Holland,Capelle aan den IJssel,1831,,66,72,2020-10-29T10:00:00
NL,Zuid-Holland,Nissewaard,1913,,26,73,2020-10-29T10:00:00
NL,Zuid-Holland,Westland,2396,,30,74,2020-10-29T10:00:00
NL,Gelderland,Ede,1867,,30,74,2020-10-29T10:00:00
NL,Noord-Holland,Amstelveen,2125,,49,76,2020-10-29T10:00:00
NL,Zuid-Holland,Schiedam,2439,,27,79,2020-10-29T10:00:00
NL,Noord-Brabant,Gemert-Bakel,545,,32,79,2020-10-29T10:00:00
NL,Flevoland,Lelystad,1047,,33,82,2020-10-29T10:00:00
NL,Noord-Holland,Purmerend,1392,,38,85,2020-10-29T10:00:00
NL,Zuid-Holland,Hoeksche Waard,1835,,30,85,2020-10-29T10:00:00
NL,Zuid-Holland,Alphen aan den Rijn,2283,,32,87,2020-10-29T10:00:00
NL,Gelderland,Arnhem,2348,,35,94,2020-10-29T10:00:00
NL,Zuid-Holland,Dordrecht,2897,,79,97,2020-10-29T10:00:00
NL,Noord-Holland,Haarlemmermeer,3096,,40,97,2020-10-29T10:00:00
NL,Noord-Brabant,Bernheze,734,,66,97,2020-10-29T10:00:00
NL,Utrecht,Amersfoort,2782,,28,99,2020-10-29T10:00:00
NL,Noord-Holland,Haarlem,2849,,75,104,2020-10-29T10:00:00
NL,Noord-Brabant,Uden,673,,64,115,2020-10-29T10:00:00
NL,Gelderland,Apeldoorn,1849,,56,115,2020-10-29T10:00:00
NL,Noord-Brabant,Helmond,2145,,46,124,2020-10-29T10:00:00
NL,Limburg,Sittard-Geleen,980,,66,126,2020-10-29T10:00:00
NL,Limburg,Heerlen,946,,55,131,2020-10-29T10:00:00
NL,Limburg,Venlo,1772,,71,142,2020-10-29T10:00:00
NL,Limburg,Peel en Maas,786,,65,146,2020-10-29T10:00:00
NL,Noord-Brabant,'s-Hertogenbosch,2712,,89,150,2020-10-29T10:00:00
NL,Noord-Holland,Zaanstad,3475,,64,159,2020-10-29T10:00:00
NL,Flevoland,Almere,3691,,39,169,2020-10-29T10:00:00
NL,Noord-Brabant,Oss,2190,,94,175,2020-10-29T10:00:00
NL,Gelderland,Nijmegen,3643,,80,176,2020-10-29T10:00:00
NL,Noord-Brabant,Breda,3733,,85,182,2020-10-29T10:00:00
NL,Limburg,Maastricht,1966,,140,198,2020-10-29T10:00:00
NL,Noord-Brabant,Eindhoven,3943,,104,209,2020-10-29T10:00:00
NL,Noord-Brabant,Meierijstad,1575,,134,214,2020-10-29T10:00:00
NL,Noord-Brabant,Tilburg,4289,,175,271,2020-10-29T10:00:00
NL,Utrecht,Utrecht,10025,,127,360,2020-10-29T10:00:00
NL,Zuid-Holland,'s-Gravenhage,16308,,326,587,2020-10-29T10:00:00
NL,Zuid-Holland,Rotterdam,23096,,432,820,2020-10-29T10:00:00
NL,Noord-Holland,Amsterdam,29331,,339,1009,2020-10-29T10:00:00
