country,nuts_2,lau,cases,population,deaths,hospitalized,datetime
NL,Drenthe,,10,,0,0,2020-09-28T10:00:00
NL,Friesland,Vlieland,1,,0,0,2020-09-28T10:00:00
NL,Friesland,Terschelling,5,,0,0,2020-09-28T10:00:00
NL,Groningen,Loppersum,10,,0,0,2020-09-28T10:00:00
NL,Friesland,Schiermonnikoog,0,,0,0,2020-09-28T10:00:00
NL,Friesland,Achtkarspelen,31,,0,0,2020-09-28T10:00:00
NL,Friesland,Ameland,1,,0,0,2020-09-28T10:00:00
NL,Groningen,,11,,0,1,2020-09-28T10:00:00
NL,Noord-Holland,Opmeer,31,,1,1,2020-09-28T10:00:00
NL,Friesland,,5,,0,1,2020-09-28T10:00:00
NL,Drenthe,Aa en Hunze,42,,0,1,2020-09-28T10:00:00
NL,Gelderland,Rozendaal,5,,0,1,2020-09-28T10:00:00
NL,Overijssel,,17,,1,1,2020-09-28T10:00:00
NL,Flevoland,,4,,0,1,2020-09-28T10:00:00
NL,Zeeland,Noord-Beveland,20,,0,1,2020-09-28T10:00:00
NL,Groningen,Veendam,45,,1,2,2020-09-28T10:00:00
NL,Groningen,Stadskanaal,50,,2,2,2020-09-28T10:00:00
NL,Zuid-Holland,Hardinxveld-Giessendam,73,,2,2,2020-09-28T10:00:00
NL,Utrecht,Eemnes,40,,1,2,2020-09-28T10:00:00
NL,Zeeland,,5,,1,2,2020-09-28T10:00:00
NL,Friesland,Dantumadiel,43,,0,2,2020-09-28T10:00:00
NL,Zuid-Holland,Zoeterwoude,34,,1,3,2020-09-28T10:00:00
NL,Zeeland,Kapelle,35,,1,3,2020-09-28T10:00:00
NL,Noord-Holland,Landsmeer,79,,3,3,2020-09-28T10:00:00
NL,Groningen,Appingedam,17,,0,3,2020-09-28T10:00:00
NL,Friesland,Ooststellingwerf,15,,0,3,2020-09-28T10:00:00
NL,Friesland,Weststellingwerf,48,,4,3,2020-09-28T10:00:00
NL,Friesland,Harlingen,26,,1,4,2020-09-28T10:00:00
NL,Gelderland,Scherpenzeel,42,,2,4,2020-09-28T10:00:00
NL,Noord-Holland,Beemster,43,,1,4,2020-09-28T10:00:00
NL,Drenthe,Noordenveld,76,,4,4,2020-09-28T10:00:00
NL,Drenthe,Borger-Odoorn,31,,3,4,2020-09-28T10:00:00
NL,Groningen,Pekela,9,,0,4,2020-09-28T10:00:00
NL,Friesland,Tytsjerksteradiel,50,,1,5,2020-09-28T10:00:00
NL,Utrecht,Renswoude,27,,5,5,2020-09-28T10:00:00
NL,Noord-Holland,Texel,34,,2,5,2020-09-28T10:00:00
NL,Groningen,Westerwolde,35,,0,5,2020-09-28T10:00:00
NL,Zeeland,Borsele,50,,1,5,2020-09-28T10:00:00
NL,Zuid-Holland,Midden-Delfland,103,,0,5,2020-09-28T10:00:00
NL,Noord-Holland,Drechterland,78,,8,5,2020-09-28T10:00:00
NL,Noord-Holland,Uitgeest,53,,1,5,2020-09-28T10:00:00
NL,Zeeland,Reimerswaal,60,,2,5,2020-09-28T10:00:00
NL,Utrecht,,71,,0,6,2020-09-28T10:00:00
NL,Drenthe,Midden-Drenthe,44,,0,6,2020-09-28T10:00:00
NL,Friesland,Noardeast-Fryslân,103,,4,6,2020-09-28T10:00:00
NL,Zeeland,Veere,59,,2,6,2020-09-28T10:00:00
NL,Noord-Brabant,Woensdrecht,111,,7,6,2020-09-28T10:00:00
NL,Limburg,Mook en Middelaar,67,,5,6,2020-09-28T10:00:00
NL,Noord-Holland,Ouder-Amstel,148,,0,6,2020-09-28T10:00:00
NL,Zuid-Holland,Westvoorne,65,,0,6,2020-09-28T10:00:00
NL,Limburg,,32,,3,6,2020-09-28T10:00:00
NL,Groningen,Delfzijl,69,,0,6,2020-09-28T10:00:00
NL,Overijssel,Wierden,87,,6,7,2020-09-28T10:00:00
NL,Noord-Holland,Koggenland,104,,6,7,2020-09-28T10:00:00
NL,Zuid-Holland,Kaag en Braassem,89,,3,7,2020-09-28T10:00:00
NL,Groningen,Oldambt,47,,3,7,2020-09-28T10:00:00
NL,Limburg,Bergen (L.),42,,2,7,2020-09-28T10:00:00
NL,Noord-Brabant,Waalre,76,,5,7,2020-09-28T10:00:00
NL,Groningen,Midden-Groningen,88,,4,7,2020-09-28T10:00:00
NL,Gelderland,Winterswijk,82,,3,7,2020-09-28T10:00:00
NL,Noord-Holland,Bloemendaal,145,,5,7,2020-09-28T10:00:00
NL,Groningen,Het Hogeland,97,,3,7,2020-09-28T10:00:00
NL,Friesland,Opsterland,40,,0,7,2020-09-28T10:00:00
NL,Noord-Holland,Blaricum,70,,2,8,2020-09-28T10:00:00
NL,Noord-Holland,Laren,66,,2,8,2020-09-28T10:00:00
NL,Zuid-Holland,Oegstgeest,124,,3,8,2020-09-28T10:00:00
NL,Zuid-Holland,Hillegom,138,,2,8,2020-09-28T10:00:00
NL,Noord-Holland,Wijdemeren,107,,0,8,2020-09-28T10:00:00
NL,Zuid-Holland,Bodegraven-Reeuwijk,222,,6,8,2020-09-28T10:00:00
NL,Zuid-Holland,Lisse,80,,2,8,2020-09-28T10:00:00
NL,Overijssel,Staphorst,75,,4,8,2020-09-28T10:00:00
NL,Overijssel,Hellendoorn,105,,12,8,2020-09-28T10:00:00
NL,Noord-Brabant,Baarle-Nassau,38,,2,9,2020-09-28T10:00:00
NL,Zeeland,Vlissingen,127,,5,9,2020-09-28T10:00:00
NL,Gelderland,Aalten,100,,7,9,2020-09-28T10:00:00
NL,Friesland,Smallingerland,88,,5,9,2020-09-28T10:00:00
NL,Utrecht,Leusden,146,,8,9,2020-09-28T10:00:00
NL,Zeeland,Hulst,64,,5,9,2020-09-28T10:00:00
NL,Gelderland,,167,,2,9,2020-09-28T10:00:00
NL,Overijssel,Losser,59,,0,9,2020-09-28T10:00:00
NL,Noord-Holland,Aalsmeer,145,,4,9,2020-09-28T10:00:00
NL,Zuid-Holland,Papendrecht,155,,8,9,2020-09-28T10:00:00
NL,Drenthe,Tynaarlo,70,,0,9,2020-09-28T10:00:00
NL,Gelderland,Doesburg,52,,6,9,2020-09-28T10:00:00
NL,Zeeland,Sluis,32,,4,9,2020-09-28T10:00:00
NL,Overijssel,Ommen,97,,4,9,2020-09-28T10:00:00
NL,Drenthe,Westerveld,47,,4,9,2020-09-28T10:00:00
NL,Zuid-Holland,Nieuwkoop,99,,5,9,2020-09-28T10:00:00
NL,Zuid-Holland,Sliedrecht,120,,5,9,2020-09-28T10:00:00
NL,Noord-Brabant,Mill en Sint Hubert,62,,5,9,2020-09-28T10:00:00
NL,Noord-Holland,Weesp,208,,13,9,2020-09-28T10:00:00
NL,Zuid-Holland,Voorschoten,142,,11,9,2020-09-28T10:00:00
NL,Limburg,Vaals,35,,2,10,2020-09-28T10:00:00
NL,Noord-Holland,Oostzaan,58,,2,10,2020-09-28T10:00:00
NL,Noord-Holland,Zandvoort,103,,9,10,2020-09-28T10:00:00
NL,Gelderland,Putten,86,,0,10,2020-09-28T10:00:00
NL,Noord-Brabant,Hilvarenbeek,106,,6,10,2020-09-28T10:00:00
NL,Zuid-Holland,Wassenaar,154,,12,10,2020-09-28T10:00:00
NL,Noord-Brabant,Rucphen,98,,10,10,2020-09-28T10:00:00
NL,Utrecht,Bunnik,86,,1,10,2020-09-28T10:00:00
NL,Utrecht,Woudenberg,53,,2,10,2020-09-28T10:00:00
NL,Utrecht,Wijk bij Duurstede,80,,1,10,2020-09-28T10:00:00
NL,Drenthe,Meppel,85,,5,11,2020-09-28T10:00:00
NL,Utrecht,Bunschoten,125,,7,11,2020-09-28T10:00:00
NL,Utrecht,Rhenen,70,,6,11,2020-09-28T10:00:00
NL,Noord-Brabant,Reusel-De Mierden,95,,2,11,2020-09-28T10:00:00
NL,Zuid-Holland,Alblasserdam,125,,5,11,2020-09-28T10:00:00
NL,Zeeland,Schouwen-Duiveland,141,,9,11,2020-09-28T10:00:00
NL,Noord-Holland,Heiloo,75,,8,11,2020-09-28T10:00:00
NL,Drenthe,De Wolden,65,,5,11,2020-09-28T10:00:00
NL,Zeeland,Goes,216,,13,12,2020-09-28T10:00:00
NL,Noord-Brabant,Geertruidenberg,83,,6,12,2020-09-28T10:00:00
NL,Drenthe,Assen,128,,2,12,2020-09-28T10:00:00
NL,Noord-Holland,Heemstede,200,,33,12,2020-09-28T10:00:00
NL,Zuid-Holland,Brielle,77,,0,12,2020-09-28T10:00:00
NL,Zuid-Holland,Hendrik-Ido-Ambacht,222,,6,12,2020-09-28T10:00:00
NL,Overijssel,Tubbergen,116,,5,12,2020-09-28T10:00:00
NL,Zuid-Holland,Krimpen aan den IJssel,187,,8,12,2020-09-28T10:00:00
NL,Gelderland,Westervoort,60,,6,12,2020-09-28T10:00:00
NL,Overijssel,Olst-Wijhe,69,,8,12,2020-09-28T10:00:00
NL,Noord-Brabant,Cuijk,127,,10,12,2020-09-28T10:00:00
NL,Utrecht,Baarn,112,,9,12,2020-09-28T10:00:00
NL,Flevoland,Zeewolde,98,,6,12,2020-09-28T10:00:00
NL,Overijssel,Twenterand,69,,2,12,2020-09-28T10:00:00
NL,Noord-Brabant,Oirschot,117,,9,13,2020-09-28T10:00:00
NL,Friesland,Waadhoeke,135,,15,13,2020-09-28T10:00:00
NL,Noord-Holland,,135,,2,13,2020-09-28T10:00:00
NL,Drenthe,Coevorden,87,,2,13,2020-09-28T10:00:00
NL,Noord-Holland,Den Helder,85,,2,13,2020-09-28T10:00:00
NL,Noord-Brabant,Steenbergen,132,,13,13,2020-09-28T10:00:00
NL,Friesland,Heerenveen,141,,21,13,2020-09-28T10:00:00
NL,Utrecht,Montfoort,103,,6,14,2020-09-28T10:00:00
NL,Zuid-Holland,,302,,6,14,2020-09-28T10:00:00
NL,Gelderland,Renkum,145,,7,14,2020-09-28T10:00:00
NL,Overijssel,Steenwijkerland,138,,7,14,2020-09-28T10:00:00
NL,Gelderland,Duiven,96,,6,14,2020-09-28T10:00:00
NL,Gelderland,Berkelland,146,,7,14,2020-09-28T10:00:00
NL,Overijssel,Borne,68,,6,14,2020-09-28T10:00:00
NL,Zuid-Holland,Leiderdorp,97,,6,14,2020-09-28T10:00:00
NL,Groningen,Westerkwartier,105,,4,14,2020-09-28T10:00:00
NL,Zuid-Holland,Albrandswaard,222,,8,14,2020-09-28T10:00:00
NL,Overijssel,Oldenzaal,122,,7,14,2020-09-28T10:00:00
NL,Gelderland,Maasdriel,94,,7,15,2020-09-28T10:00:00
NL,Noord-Brabant,Moerdijk,151,,8,15,2020-09-28T10:00:00
NL,Noord-Holland,Castricum,126,,9,15,2020-09-28T10:00:00
NL,Overijssel,Hof van Twente,86,,5,15,2020-09-28T10:00:00
NL,Noord-Holland,Beverwijk,212,,12,15,2020-09-28T10:00:00
NL,Zuid-Holland,Teylingen,207,,2,15,2020-09-28T10:00:00
NL,Overijssel,Haaksbergen,175,,7,15,2020-09-28T10:00:00
NL,Noord-Holland,Waterland,98,,4,16,2020-09-28T10:00:00
NL,Zuid-Holland,Hellevoetsluis,224,,5,16,2020-09-28T10:00:00
NL,Overijssel,Dalfsen,116,,7,16,2020-09-28T10:00:00
NL,Noord-Brabant,Heeze-Leende,86,,8,16,2020-09-28T10:00:00
NL,Noord-Brabant,,236,,3,16,2020-09-28T10:00:00
NL,Noord-Brabant,Halderberge,151,,8,16,2020-09-28T10:00:00
NL,Gelderland,Lochem,137,,15,16,2020-09-28T10:00:00
NL,Gelderland,Bronckhorst,114,,7,17,2020-09-28T10:00:00
NL,Limburg,Gennep,102,,10,17,2020-09-28T10:00:00
NL,Limburg,Beek,55,,6,17,2020-09-28T10:00:00
NL,Limburg,Voerendaal,58,,8,17,2020-09-28T10:00:00
NL,Flevoland,Noordoostpolder,120,,10,17,2020-09-28T10:00:00
NL,Friesland,De Fryske Marren,141,,6,17,2020-09-28T10:00:00
NL,Gelderland,Buren,81,,8,17,2020-09-28T10:00:00
NL,Noord-Holland,Langedijk,109,,4,17,2020-09-28T10:00:00
NL,Noord-Holland,Uithoorn,181,,2,17,2020-09-28T10:00:00
NL,Gelderland,Voorst,118,,11,17,2020-09-28T10:00:00
NL,Noord-Brabant,Asten,96,,12,18,2020-09-28T10:00:00
NL,Gelderland,Brummen,73,,6,18,2020-09-28T10:00:00
NL,Noord-Brabant,Haaren,79,,8,18,2020-09-28T10:00:00
NL,Noord-Holland,Enkhuizen,46,,4,18,2020-09-28T10:00:00
NL,Noord-Brabant,"Nuenen, Gerwen en Nederwetten",121,,9,18,2020-09-28T10:00:00
NL,Noord-Holland,Diemen,380,,14,18,2020-09-28T10:00:00
NL,Gelderland,Oost Gelre,134,,6,18,2020-09-28T10:00:00
NL,Zuid-Holland,Waddinxveen,225,,7,18,2020-09-28T10:00:00
NL,Gelderland,Hattem,62,,5,18,2020-09-28T10:00:00
NL,Noord-Brabant,Alphen-Chaam,78,,5,18,2020-09-28T10:00:00
NL,Noord-Holland,Stede Broec,74,,5,18,2020-09-28T10:00:00
NL,Gelderland,Barneveld,221,,8,18,2020-09-28T10:00:00
NL,Groningen,Groningen,1060,,3,18,2020-09-28T10:00:00
NL,Limburg,Valkenburg aan de Geul,96,,7,19,2020-09-28T10:00:00
NL,Zeeland,Middelburg,170,,10,19,2020-09-28T10:00:00
NL,Limburg,Simpelveld,54,,5,19,2020-09-28T10:00:00
NL,Noord-Brabant,Valkenswaard,247,,37,19,2020-09-28T10:00:00
NL,Noord-Holland,Bergen (NH.),176,,4,19,2020-09-28T10:00:00
NL,Gelderland,Beuningen,154,,5,19,2020-09-28T10:00:00
NL,Gelderland,Heumen,125,,9,19,2020-09-28T10:00:00
NL,Noord-Brabant,Drimmelen,128,,8,19,2020-09-28T10:00:00
NL,Noord-Brabant,Bergeijk,171,,5,19,2020-09-28T10:00:00
NL,Friesland,Súdwest-Fryslân,183,,6,19,2020-09-28T10:00:00
NL,Zuid-Holland,Gorinchem,307,,16,19,2020-09-28T10:00:00
NL,Noord-Holland,Schagen,146,,10,19,2020-09-28T10:00:00
NL,Noord-Holland,Medemblik,112,,6,19,2020-09-28T10:00:00
NL,Noord-Brabant,Boxmeer,174,,27,20,2020-09-28T10:00:00
NL,Utrecht,Lopik,122,,8,20,2020-09-28T10:00:00
NL,Limburg,Beesel,54,,8,20,2020-09-28T10:00:00
NL,Noord-Brabant,Dongen,128,,13,20,2020-09-28T10:00:00
NL,Noord-Holland,Wormerland,72,,6,20,2020-09-28T10:00:00
NL,Noord-Brabant,Gilze en Rijen,149,,15,20,2020-09-28T10:00:00
NL,Zuid-Holland,Molenlanden,203,,9,20,2020-09-28T10:00:00
NL,Overijssel,Dinkelland,103,,10,20,2020-09-28T10:00:00
NL,Gelderland,Wageningen,208,,9,20,2020-09-28T10:00:00
NL,Zuid-Holland,Noordwijk,186,,3,20,2020-09-28T10:00:00
NL,Noord-Brabant,Sint Anthonis,83,,11,20,2020-09-28T10:00:00
NL,Drenthe,Hoogeveen,133,,8,20,2020-09-28T10:00:00
NL,Noord-Brabant,Bladel,173,,8,21,2020-09-28T10:00:00
NL,Limburg,Gulpen-Wittem,97,,14,21,2020-09-28T10:00:00
NL,Noord-Brabant,Grave,96,,11,21,2020-09-28T10:00:00
NL,Gelderland,West Maas en Waal,111,,9,21,2020-09-28T10:00:00
NL,Drenthe,Emmen,316,,12,21,2020-09-28T10:00:00
NL,Gelderland,Oude IJsselstreek,143,,9,21,2020-09-28T10:00:00
NL,Gelderland,Zaltbommel,156,,9,21,2020-09-28T10:00:00
NL,Limburg,Meerssen,141,,13,22,2020-09-28T10:00:00
NL,Gelderland,Montferland,137,,9,22,2020-09-28T10:00:00
NL,Gelderland,Nijkerk,190,,3,22,2020-09-28T10:00:00
NL,Zuid-Holland,Maassluis,258,,9,23,2020-09-28T10:00:00
NL,Overijssel,Hardenberg,205,,10,23,2020-09-28T10:00:00
NL,Noord-Holland,Huizen,307,,10,23,2020-09-28T10:00:00
NL,Flevoland,Urk,90,,4,23,2020-09-28T10:00:00
NL,Noord-Brabant,Oisterwijk,127,,11,24,2020-09-28T10:00:00
NL,Overijssel,Raalte,211,,21,24,2020-09-28T10:00:00
NL,Utrecht,Soest,239,,13,24,2020-09-28T10:00:00
NL,Gelderland,Culemborg,188,,8,24,2020-09-28T10:00:00
NL,Noord-Brabant,Zundert,145,,11,24,2020-09-28T10:00:00
NL,Overijssel,Hengelo,272,,19,24,2020-09-28T10:00:00
NL,Noord-Brabant,Boxtel,175,,26,24,2020-09-28T10:00:00
NL,Gelderland,Druten,139,,8,25,2020-09-28T10:00:00
NL,Noord-Holland,Gooise Meren,328,,14,25,2020-09-28T10:00:00
NL,Overijssel,Almelo,195,,10,25,2020-09-28T10:00:00
NL,Zeeland,Terneuzen,166,,4,25,2020-09-28T10:00:00
NL,Noord-Holland,Edam-Volendam,261,,3,26,2020-09-28T10:00:00
NL,Noord-Holland,Hollands Kroon,105,,6,26,2020-09-28T10:00:00
NL,Utrecht,Oudewater,85,,9,26,2020-09-28T10:00:00
NL,Zuid-Holland,Zuidplas,429,,21,26,2020-09-28T10:00:00
NL,Utrecht,Houten,265,,15,26,2020-09-28T10:00:00
NL,Gelderland,Doetinchem,210,,15,27,2020-09-28T10:00:00
NL,Noord-Holland,Heerhugowaard,288,,9,27,2020-09-28T10:00:00
NL,Limburg,Roerdalen,67,,8,27,2020-09-28T10:00:00
NL,Zuid-Holland,Zwijndrecht,360,,27,27,2020-09-28T10:00:00
NL,Noord-Brabant,Bergen op Zoom,561,,13,27,2020-09-28T10:00:00
NL,Noord-Brabant,Eersel,162,,10,27,2020-09-28T10:00:00
NL,Noord-Brabant,Loon op Zand,111,,7,27,2020-09-28T10:00:00
NL,Limburg,Maasgouw,131,,15,28,2020-09-28T10:00:00
NL,Gelderland,Elburg,176,,8,28,2020-09-28T10:00:00
NL,Utrecht,Utrechtse Heuvelrug,239,,14,29,2020-09-28T10:00:00
NL,Utrecht,De Bilt,293,,24,29,2020-09-28T10:00:00
NL,Overijssel,Rijssen-Holten,240,,24,29,2020-09-28T10:00:00
NL,Zuid-Holland,Leidschendam-Voorburg,539,,21,30,2020-09-28T10:00:00
NL,Flevoland,Dronten,151,,12,30,2020-09-28T10:00:00
NL,Zuid-Holland,Pijnacker-Nootdorp,415,,17,30,2020-09-28T10:00:00
NL,Noord-Holland,Heemskerk,165,,10,31,2020-09-28T10:00:00
NL,Noord-Brabant,Son en Breugel,98,,14,31,2020-09-28T10:00:00
NL,Gelderland,Zutphen,156,,13,31,2020-09-28T10:00:00
NL,Gelderland,Berg en Dal,265,,19,31,2020-09-28T10:00:00
NL,Noord-Brabant,Veldhoven,244,,16,31,2020-09-28T10:00:00
NL,Limburg,Nederweert,68,,7,31,2020-09-28T10:00:00
NL,Noord-Brabant,Best,144,,10,31,2020-09-28T10:00:00
NL,Noord-Brabant,Goirle,173,,18,32,2020-09-28T10:00:00
NL,Noord-Brabant,Roosendaal,466,,22,32,2020-09-28T10:00:00
NL,Noord-Brabant,Altena,219,,11,32,2020-09-28T10:00:00
NL,Zuid-Holland,Katwijk,398,,15,32,2020-09-28T10:00:00
NL,Noord-Holland,Velsen,487,,42,33,2020-09-28T10:00:00
NL,Gelderland,Lingewaard,232,,10,33,2020-09-28T10:00:00
NL,Gelderland,Ermelo,209,,23,33,2020-09-28T10:00:00
NL,Noord-Brabant,Someren,122,,8,33,2020-09-28T10:00:00
NL,Noord-Brabant,Geldrop-Mierlo,171,,16,33,2020-09-28T10:00:00
NL,Noord-Brabant,Boekel,99,,20,34,2020-09-28T10:00:00
NL,Gelderland,Rheden,201,,14,34,2020-09-28T10:00:00
NL,Overijssel,Zwartewaterland,180,,21,35,2020-09-28T10:00:00
NL,Utrecht,Vijfheerenlanden,504,,36,36,2020-09-28T10:00:00
NL,Noord-Brabant,Sint-Michielsgestel,216,,19,36,2020-09-28T10:00:00
NL,Noord-Holland,Hoorn,285,,12,36,2020-09-28T10:00:00
NL,Utrecht,IJsselstein,240,,35,36,2020-09-28T10:00:00
NL,Limburg,Venray,221,,17,37,2020-09-28T10:00:00
NL,Friesland,Leeuwarden,379,,6,37,2020-09-28T10:00:00
NL,Gelderland,Neder-Betuwe,155,,21,37,2020-09-28T10:00:00
NL,Noord-Holland,Hilversum,557,,24,37,2020-09-28T10:00:00
NL,Utrecht,Stichtse Vecht,381,,14,38,2020-09-28T10:00:00
NL,Utrecht,Zeist,439,,25,38,2020-09-28T10:00:00
NL,Noord-Brabant,Waalwijk,300,,37,38,2020-09-28T10:00:00
NL,Limburg,Echt-Susteren,114,,18,39,2020-09-28T10:00:00
NL,Zuid-Holland,Ridderkerk,329,,18,40,2020-09-28T10:00:00
NL,Zeeland,Tholen,202,,16,40,2020-09-28T10:00:00
NL,Gelderland,Oldebroek,195,,19,40,2020-09-28T10:00:00
NL,Zuid-Holland,Barendrecht,445,,12,40,2020-09-28T10:00:00
NL,Zuid-Holland,Delft,899,,12,40,2020-09-28T10:00:00
NL,Utrecht,De Ronde Venen,276,,13,40,2020-09-28T10:00:00
NL,Noord-Brabant,Laarbeek,165,,26,41,2020-09-28T10:00:00
NL,Noord-Brabant,Landerd,173,,21,41,2020-09-28T10:00:00
NL,Limburg,Horst aan de Maas,183,,24,41,2020-09-28T10:00:00
NL,Zuid-Holland,Rijswijk,481,,26,42,2020-09-28T10:00:00
NL,Gelderland,Tiel,226,,20,43,2020-09-28T10:00:00
NL,Zuid-Holland,Lansingerland,491,,25,43,2020-09-28T10:00:00
NL,Noord-Brabant,Vught,166,,17,43,2020-09-28T10:00:00
NL,Noord-Brabant,Etten-Leur,312,,30,43,2020-09-28T10:00:00
NL,Gelderland,West Betuwe,280,,27,44,2020-09-28T10:00:00
NL,Gelderland,Wijchen,260,,13,44,2020-09-28T10:00:00
NL,Gelderland,Harderwijk,302,,20,44,2020-09-28T10:00:00
NL,Limburg,Stein,142,,15,44,2020-09-28T10:00:00
NL,Utrecht,Nieuwegein,369,,14,45,2020-09-28T10:00:00
NL,Noord-Brabant,Heusden,254,,25,45,2020-09-28T10:00:00
NL,Limburg,Brunssum,158,,19,46,2020-09-28T10:00:00
NL,Zuid-Holland,Leiden,933,,20,46,2020-09-28T10:00:00
NL,Zuid-Holland,Vlaardingen,720,,30,47,2020-09-28T10:00:00
NL,Zuid-Holland,Krimpenerwaard,411,,35,47,2020-09-28T10:00:00
NL,Gelderland,Zevenaar,204,,15,48,2020-09-28T10:00:00
NL,Overijssel,Deventer,522,,36,48,2020-09-28T10:00:00
NL,Zuid-Holland,Gouda,709,,43,48,2020-09-28T10:00:00
NL,Utrecht,Veenendaal,315,,11,49,2020-09-28T10:00:00
NL,Gelderland,Epe,177,,23,49,2020-09-28T10:00:00
NL,Noord-Brabant,Oosterhout,303,,17,50,2020-09-28T10:00:00
NL,Limburg,Beekdaelen,211,,23,52,2020-09-28T10:00:00
NL,Limburg,Landgraaf,178,,13,52,2020-09-28T10:00:00
NL,Utrecht,Woerden,309,,20,53,2020-09-28T10:00:00
NL,Overijssel,Zwolle,572,,49,53,2020-09-28T10:00:00
NL,Limburg,Leudal,221,,33,54,2020-09-28T10:00:00
NL,Limburg,Eijsden-Margraten,201,,27,54,2020-09-28T10:00:00
NL,Gelderland,Heerde,240,,28,55,2020-09-28T10:00:00
NL,Gelderland,Nunspeet,263,,21,55,2020-09-28T10:00:00
NL,Zuid-Holland,Goeree-Overflakkee,393,,35,55,2020-09-28T10:00:00
NL,Noord-Brabant,Deurne,261,,25,56,2020-09-28T10:00:00
NL,Gelderland,Overbetuwe,240,,16,56,2020-09-28T10:00:00
NL,Gelderland,Ede,535,,22,57,2020-09-28T10:00:00
NL,Noord-Holland,Alkmaar,462,,31,57,2020-09-28T10:00:00
NL,Zuid-Holland,Capelle aan den IJssel,713,,60,58,2020-09-28T10:00:00
NL,Zuid-Holland,Nissewaard,460,,21,58,2020-09-28T10:00:00
NL,Overijssel,Enschede,506,,26,58,2020-09-28T10:00:00
NL,Zuid-Holland,Zoetermeer,876,,14,58,2020-09-28T10:00:00
NL,Zuid-Holland,Westland,733,,30,59,2020-09-28T10:00:00
NL,Overijssel,Kampen,422,,36,59,2020-09-28T10:00:00
NL,Limburg,Roermond,250,,23,61,2020-09-28T10:00:00
NL,Noord-Brabant,Cranendonck,208,,36,63,2020-09-28T10:00:00
NL,Zuid-Holland,Schiedam,859,,24,63,2020-09-28T10:00:00
NL,Limburg,Kerkrade,280,,35,64,2020-09-28T10:00:00
NL,Noord-Holland,Amstelveen,867,,39,66,2020-09-28T10:00:00
NL,Flevoland,Lelystad,379,,31,67,2020-09-28T10:00:00
NL,Limburg,Weert,204,,15,67,2020-09-28T10:00:00
NL,Zuid-Holland,Alphen aan den Rijn,634,,26,68,2020-09-28T10:00:00
NL,Gelderland,Arnhem,843,,33,71,2020-09-28T10:00:00
NL,Noord-Holland,Haarlem,940,,62,72,2020-09-28T10:00:00
NL,Noord-Holland,Purmerend,425,,35,72,2020-09-28T10:00:00
NL,Noord-Holland,Haarlemmermeer,982,,28,76,2020-09-28T10:00:00
NL,Utrecht,Amersfoort,721,,25,77,2020-09-28T10:00:00
NL,Noord-Brabant,Gemert-Bakel,269,,32,79,2020-09-28T10:00:00
NL,Zuid-Holland,Hoeksche Waard,627,,21,79,2020-09-28T10:00:00
NL,Noord-Brabant,Bernheze,345,,65,95,2020-09-28T10:00:00
NL,Zuid-Holland,Dordrecht,989,,66,95,2020-09-28T10:00:00
NL,Gelderland,Apeldoorn,731,,51,101,2020-09-28T10:00:00
NL,Noord-Brabant,Uden,329,,63,115,2020-09-28T10:00:00
NL,Noord-Brabant,Helmond,734,,44,118,2020-09-28T10:00:00
NL,Limburg,Sittard-Geleen,521,,64,119,2020-09-28T10:00:00
NL,Limburg,Heerlen,537,,54,126,2020-09-28T10:00:00
NL,Noord-Holland,Zaanstad,1046,,51,131,2020-09-28T10:00:00
NL,Noord-Brabant,'s-Hertogenbosch,970,,79,133,2020-09-28T10:00:00
NL,Limburg,Venlo,572,,66,134,2020-09-28T10:00:00
NL,Flevoland,Almere,1291,,37,137,2020-09-28T10:00:00
NL,Gelderland,Nijmegen,1662,,71,140,2020-09-28T10:00:00
NL,Limburg,Peel en Maas,315,,65,144,2020-09-28T10:00:00
NL,Noord-Brabant,Breda,1220,,67,151,2020-09-28T10:00:00
NL,Noord-Brabant,Oss,830,,88,167,2020-09-28T10:00:00
NL,Noord-Brabant,Eindhoven,1290,,88,185,2020-09-28T10:00:00
NL,Limburg,Maastricht,1165,,140,192,2020-09-28T10:00:00
NL,Noord-Brabant,Meierijstad,719,,131,211,2020-09-28T10:00:00
NL,Noord-Brabant,Tilburg,1615,,167,256,2020-09-28T10:00:00
NL,Utrecht,Utrecht,3438,,120,291,2020-09-28T10:00:00
NL,Zuid-Holland,'s-Gravenhage,6814,,272,420,2020-09-28T10:00:00
NL,Zuid-Holland,Rotterdam,9325,,364,636,2020-09-28T10:00:00
NL,Noord-Holland,Amsterdam,12259,,299,754,2020-09-28T10:00:00
