country,nuts_2,lau,cases,population,deaths,hospitalized,datetime
NL,Friesland,Vlieland,16,,0,0,2020-10-28T10:00:00
NL,Groningen,Loppersum,51,,0,0,2020-10-28T10:00:00
NL,Drenthe,,10,,0,0,2020-10-28T10:00:00
NL,Friesland,Achtkarspelen,175,,0,0,2020-10-28T10:00:00
NL,Friesland,Ameland,35,,0,0,2020-10-28T10:00:00
NL,Gelderland,Rozendaal,11,,0,1,2020-10-28T10:00:00
NL,Friesland,Terschelling,57,,1,1,2020-10-28T10:00:00
NL,Flevoland,,6,,0,1,2020-10-28T10:00:00
NL,Noord-Holland,Opmeer,114,,2,1,2020-10-28T10:00:00
NL,Friesland,Schiermonnikoog,2,,0,1,2020-10-28T10:00:00
NL,Zeeland,Noord-Beveland,62,,1,1,2020-10-28T10:00:00
NL,Friesland,,11,,0,1,2020-10-28T10:00:00
NL,Groningen,,12,,0,1,2020-10-28T10:00:00
NL,Drenthe,Aa en Hunze,210,,1,1,2020-10-28T10:00:00
NL,Zuid-Holland,Hardinxveld-Giessendam,316,,4,2,2020-10-28T10:00:00
NL,Overijssel,,195,,2,2,2020-10-28T10:00:00
NL,Zeeland,,9,,1,2,2020-10-28T10:00:00
NL,Friesland,Dantumadiel,123,,0,2,2020-10-28T10:00:00
NL,Zeeland,Kapelle,84,,1,3,2020-10-28T10:00:00
NL,Utrecht,Eemnes,133,,1,3,2020-10-28T10:00:00
NL,Friesland,Weststellingwerf,210,,5,3,2020-10-28T10:00:00
NL,Noord-Holland,Beemster,124,,1,4,2020-10-28T10:00:00
NL,Friesland,Harlingen,90,,1,4,2020-10-28T10:00:00
NL,Groningen,Veendam,178,,1,4,2020-10-28T10:00:00
NL,Zuid-Holland,Zoeterwoude,144,,1,4,2020-10-28T10:00:00
NL,Gelderland,Scherpenzeel,150,,2,5,2020-10-28T10:00:00
NL,Zeeland,Borsele,145,,1,5,2020-10-28T10:00:00
NL,Utrecht,Renswoude,78,,5,5,2020-10-28T10:00:00
NL,Friesland,Ooststellingwerf,159,,1,5,2020-10-28T10:00:00
NL,Noord-Holland,Landsmeer,214,,3,5,2020-10-28T10:00:00
NL,Noord-Holland,Texel,83,,2,6,2020-10-28T10:00:00
NL,Noord-Holland,Drechterland,260,,8,6,2020-10-28T10:00:00
NL,Zuid-Holland,Westvoorne,285,,0,6,2020-10-28T10:00:00
NL,Drenthe,Midden-Drenthe,284,,0,6,2020-10-28T10:00:00
NL,Groningen,Pekela,75,,0,6,2020-10-28T10:00:00
NL,Drenthe,Noordenveld,247,,14,6,2020-10-28T10:00:00
NL,Zeeland,Reimerswaal,195,,2,6,2020-10-28T10:00:00
NL,Friesland,Tytsjerksteradiel,225,,3,7,2020-10-28T10:00:00
NL,Noord-Holland,Uitgeest,220,,1,7,2020-10-28T10:00:00
NL,Limburg,Mook en Middelaar,155,,5,7,2020-10-28T10:00:00
NL,Zuid-Holland,Midden-Delfland,391,,1,7,2020-10-28T10:00:00
NL,Groningen,Het Hogeland,369,,5,7,2020-10-28T10:00:00
NL,Friesland,Noardeast-Fryslân,273,,4,7,2020-10-28T10:00:00
NL,Utrecht,,137,,1,7,2020-10-28T10:00:00
NL,Groningen,Appingedam,50,,0,7,2020-10-28T10:00:00
NL,Limburg,,61,,3,7,2020-10-28T10:00:00
NL,Groningen,Delfzijl,130,,0,7,2020-10-28T10:00:00
NL,Overijssel,Wierden,480,,6,7,2020-10-28T10:00:00
NL,Groningen,Stadskanaal,265,,2,7,2020-10-28T10:00:00
NL,Zuid-Holland,Kaag en Braassem,460,,3,8,2020-10-28T10:00:00
NL,Overijssel,Staphorst,311,,4,8,2020-10-28T10:00:00
NL,Noord-Holland,Ouder-Amstel,375,,0,8,2020-10-28T10:00:00
NL,Noord-Brabant,Waalre,281,,8,8,2020-10-28T10:00:00
NL,Zuid-Holland,Hillegom,392,,2,8,2020-10-28T10:00:00
NL,Friesland,Opsterland,172,,0,8,2020-10-28T10:00:00
NL,Drenthe,Borger-Odoorn,250,,6,8,2020-10-28T10:00:00
NL,Zeeland,Veere,118,,2,8,2020-10-28T10:00:00
NL,Noord-Holland,Blaricum,184,,2,8,2020-10-28T10:00:00
NL,Noord-Brabant,Mill en Sint Hubert,230,,5,9,2020-10-28T10:00:00
NL,Noord-Brabant,Baarle-Nassau,102,,2,9,2020-10-28T10:00:00
NL,Gelderland,Winterswijk,252,,4,9,2020-10-28T10:00:00
NL,Drenthe,Westerveld,109,,4,9,2020-10-28T10:00:00
NL,Limburg,Bergen (L.),166,,2,9,2020-10-28T10:00:00
NL,Zeeland,Sluis,86,,4,9,2020-10-28T10:00:00
NL,Utrecht,Woudenberg,207,,2,9,2020-10-28T10:00:00
NL,Overijssel,Ommen,181,,4,9,2020-10-28T10:00:00
NL,Zuid-Holland,Papendrecht,600,,10,9,2020-10-28T10:00:00
NL,Noord-Holland,Koggenland,277,,8,9,2020-10-28T10:00:00
NL,Limburg,Vaals,64,,2,10,2020-10-28T10:00:00
NL,Groningen,Oldambt,210,,4,10,2020-10-28T10:00:00
NL,Noord-Holland,Laren,205,,3,10,2020-10-28T10:00:00
NL,Noord-Brabant,Woensdrecht,384,,9,10,2020-10-28T10:00:00
NL,Noord-Holland,Bloemendaal,363,,6,10,2020-10-28T10:00:00
NL,Zuid-Holland,Wassenaar,461,,13,10,2020-10-28T10:00:00
NL,Groningen,Midden-Groningen,372,,5,10,2020-10-28T10:00:00
NL,Zuid-Holland,Sliedrecht,434,,5,10,2020-10-28T10:00:00
NL,Zeeland,Vlissingen,295,,5,10,2020-10-28T10:00:00
NL,Noord-Holland,Weesp,539,,14,10,2020-10-28T10:00:00
NL,Overijssel,Losser,373,,2,11,2020-10-28T10:00:00
NL,Drenthe,Tynaarlo,275,,1,11,2020-10-28T10:00:00
NL,Gelderland,Doesburg,172,,7,11,2020-10-28T10:00:00
NL,Zuid-Holland,Voorschoten,411,,11,11,2020-10-28T10:00:00
NL,Zuid-Holland,Lisse,353,,4,11,2020-10-28T10:00:00
NL,Noord-Holland,Wijdemeren,412,,1,11,2020-10-28T10:00:00
NL,Drenthe,Meppel,277,,5,11,2020-10-28T10:00:00
NL,Noord-Holland,Aalsmeer,619,,6,11,2020-10-28T10:00:00
NL,Zuid-Holland,Alblasserdam,552,,9,11,2020-10-28T10:00:00
NL,Utrecht,Leusden,478,,9,11,2020-10-28T10:00:00
NL,Zuid-Holland,Oegstgeest,431,,3,11,2020-10-28T10:00:00
NL,Gelderland,Putten,240,,1,11,2020-10-28T10:00:00
NL,Utrecht,Wijk bij Duurstede,335,,4,12,2020-10-28T10:00:00
NL,Zeeland,Hulst,251,,5,12,2020-10-28T10:00:00
NL,Groningen,Westerwolde,201,,2,12,2020-10-28T10:00:00
NL,Gelderland,,201,,2,12,2020-10-28T10:00:00
NL,Overijssel,Tubbergen,646,,6,12,2020-10-28T10:00:00
NL,Noord-Holland,Heiloo,267,,9,12,2020-10-28T10:00:00
NL,Noord-Holland,Oostzaan,242,,2,12,2020-10-28T10:00:00
NL,Overijssel,Olst-Wijhe,198,,8,12,2020-10-28T10:00:00
NL,Utrecht,Bunnik,248,,2,12,2020-10-28T10:00:00
NL,Friesland,Smallingerland,385,,7,12,2020-10-28T10:00:00
NL,Overijssel,Twenterand,428,,2,12,2020-10-28T10:00:00
NL,Gelderland,Westervoort,167,,6,12,2020-10-28T10:00:00
NL,Zeeland,Schouwen-Duiveland,339,,13,13,2020-10-28T10:00:00
NL,Overijssel,Hellendoorn,466,,14,13,2020-10-28T10:00:00
NL,Zuid-Holland,Hendrik-Ido-Ambacht,715,,7,13,2020-10-28T10:00:00
NL,Noord-Holland,Zandvoort,249,,9,13,2020-10-28T10:00:00
NL,Flevoland,Zeewolde,255,,6,13,2020-10-28T10:00:00
NL,Utrecht,Rhenen,317,,6,13,2020-10-28T10:00:00
NL,Zuid-Holland,Nieuwkoop,449,,6,13,2020-10-28T10:00:00
NL,Gelderland,Aalten,341,,7,13,2020-10-28T10:00:00
NL,Noord-Brabant,Hilvarenbeek,309,,8,14,2020-10-28T10:00:00
NL,Drenthe,Assen,610,,3,14,2020-10-28T10:00:00
NL,Zuid-Holland,Bodegraven-Reeuwijk,638,,11,14,2020-10-28T10:00:00
NL,Noord-Brabant,Rucphen,460,,10,14,2020-10-28T10:00:00
NL,Overijssel,Steenwijkerland,397,,9,15,2020-10-28T10:00:00
NL,Noord-Brabant,Reusel-De Mierden,395,,2,15,2020-10-28T10:00:00
NL,Noord-Brabant,Cuijk,440,,10,15,2020-10-28T10:00:00
NL,Noord-Holland,Den Helder,387,,2,15,2020-10-28T10:00:00
NL,Zeeland,Goes,387,,13,15,2020-10-28T10:00:00
NL,Noord-Brabant,Geertruidenberg,302,,6,15,2020-10-28T10:00:00
NL,Utrecht,Montfoort,240,,7,15,2020-10-28T10:00:00
NL,Drenthe,Coevorden,311,,2,15,2020-10-28T10:00:00
NL,Drenthe,De Wolden,229,,5,15,2020-10-28T10:00:00
NL,Friesland,Waadhoeke,414,,17,15,2020-10-28T10:00:00
NL,Overijssel,Oldenzaal,627,,17,16,2020-10-28T10:00:00
NL,Zuid-Holland,Brielle,316,,0,16,2020-10-28T10:00:00
NL,Gelderland,Duiven,347,,6,16,2020-10-28T10:00:00
NL,Friesland,Heerenveen,380,,22,16,2020-10-28T10:00:00
NL,Utrecht,Bunschoten,544,,8,16,2020-10-28T10:00:00
NL,Utrecht,Baarn,407,,9,16,2020-10-28T10:00:00
NL,Overijssel,Borne,351,,6,16,2020-10-28T10:00:00
NL,Noord-Holland,Heemstede,426,,35,17,2020-10-28T10:00:00
NL,Gelderland,Lochem,393,,15,17,2020-10-28T10:00:00
NL,Gelderland,Maasdriel,360,,9,17,2020-10-28T10:00:00
NL,Noord-Holland,,250,,2,17,2020-10-28T10:00:00
NL,Gelderland,Renkum,465,,10,17,2020-10-28T10:00:00
NL,Limburg,Voerendaal,114,,8,17,2020-10-28T10:00:00
NL,Limburg,Gennep,222,,10,17,2020-10-28T10:00:00
NL,Noord-Brabant,Oirschot,376,,9,17,2020-10-28T10:00:00
NL,Overijssel,Dalfsen,438,,7,17,2020-10-28T10:00:00
NL,Zuid-Holland,Albrandswaard,790,,9,17,2020-10-28T10:00:00
NL,Overijssel,Haaksbergen,491,,11,17,2020-10-28T10:00:00
NL,Noord-Brabant,,454,,3,17,2020-10-28T10:00:00
NL,Limburg,Beek,157,,8,18,2020-10-28T10:00:00
NL,Noord-Brabant,Steenbergen,452,,13,18,2020-10-28T10:00:00
NL,Noord-Brabant,Heeze-Leende,310,,8,18,2020-10-28T10:00:00
NL,Zuid-Holland,Krimpen aan den IJssel,765,,12,18,2020-10-28T10:00:00
NL,Noord-Brabant,Asten,253,,12,18,2020-10-28T10:00:00
NL,Noord-Brabant,Alphen-Chaam,171,,5,18,2020-10-28T10:00:00
NL,Gelderland,Berkelland,598,,9,18,2020-10-28T10:00:00
NL,Gelderland,Bronckhorst,500,,7,18,2020-10-28T10:00:00
NL,Noord-Holland,Castricum,422,,10,18,2020-10-28T10:00:00
NL,Gelderland,Voorst,260,,11,18,2020-10-28T10:00:00
NL,Gelderland,Hattem,136,,5,18,2020-10-28T10:00:00
NL,Zuid-Holland,Teylingen,682,,4,19,2020-10-28T10:00:00
NL,Noord-Brabant,Moerdijk,643,,10,19,2020-10-28T10:00:00
NL,Flevoland,Noordoostpolder,407,,11,19,2020-10-28T10:00:00
NL,Gelderland,Heumen,344,,13,19,2020-10-28T10:00:00
NL,Limburg,Simpelveld,96,,5,19,2020-10-28T10:00:00
NL,Groningen,Westerkwartier,408,,4,19,2020-10-28T10:00:00
NL,Noord-Brabant,"Nuenen, Gerwen en Nederwetten",367,,10,19,2020-10-28T10:00:00
NL,Gelderland,Brummen,187,,6,19,2020-10-28T10:00:00
NL,Zuid-Holland,Gorinchem,752,,16,19,2020-10-28T10:00:00
NL,Noord-Holland,Stede Broec,225,,5,19,2020-10-28T10:00:00
NL,Noord-Holland,Medemblik,465,,6,19,2020-10-28T10:00:00
NL,Noord-Holland,Enkhuizen,187,,4,20,2020-10-28T10:00:00
NL,Limburg,Beesel,175,,8,20,2020-10-28T10:00:00
NL,Zuid-Holland,Molenlanden,749,,12,20,2020-10-28T10:00:00
NL,Limburg,Valkenburg aan de Geul,215,,9,20,2020-10-28T10:00:00
NL,Noord-Holland,Beverwijk,689,,13,20,2020-10-28T10:00:00
NL,Noord-Brabant,Haaren,266,,8,20,2020-10-28T10:00:00
NL,Noord-Holland,Waterland,355,,7,20,2020-10-28T10:00:00
NL,Noord-Brabant,Boxmeer,514,,28,20,2020-10-28T10:00:00
NL,Noord-Holland,Schagen,521,,10,20,2020-10-28T10:00:00
NL,Gelderland,Beuningen,372,,6,20,2020-10-28T10:00:00
NL,Overijssel,Hof van Twente,518,,6,20,2020-10-28T10:00:00
NL,Noord-Brabant,Bergeijk,406,,5,20,2020-10-28T10:00:00
NL,Overijssel,Dinkelland,586,,11,21,2020-10-28T10:00:00
NL,Zuid-Holland,Hellevoetsluis,663,,7,21,2020-10-28T10:00:00
NL,Zeeland,Middelburg,315,,10,21,2020-10-28T10:00:00
NL,Zuid-Holland,,857,,9,21,2020-10-28T10:00:00
NL,Noord-Brabant,Sint Anthonis,209,,11,21,2020-10-28T10:00:00
NL,Noord-Holland,Wormerland,287,,12,21,2020-10-28T10:00:00
NL,Noord-Brabant,Drimmelen,393,,9,21,2020-10-28T10:00:00
NL,Noord-Holland,Langedijk,393,,7,21,2020-10-28T10:00:00
NL,Gelderland,Oost Gelre,470,,11,21,2020-10-28T10:00:00
NL,Noord-Holland,Uithoorn,575,,3,21,2020-10-28T10:00:00
NL,Friesland,Súdwest-Fryslân,834,,6,21,2020-10-28T10:00:00
NL,Noord-Brabant,Gilze en Rijen,443,,16,21,2020-10-28T10:00:00
NL,Noord-Holland,Bergen (NH.),541,,12,22,2020-10-28T10:00:00
NL,Friesland,De Fryske Marren,464,,8,23,2020-10-28T10:00:00
NL,Gelderland,Wageningen,603,,19,23,2020-10-28T10:00:00
NL,Gelderland,West Maas en Waal,295,,10,23,2020-10-28T10:00:00
NL,Gelderland,Buren,378,,8,23,2020-10-28T10:00:00
NL,Limburg,Meerssen,211,,13,23,2020-10-28T10:00:00
NL,Gelderland,Zaltbommel,430,,10,23,2020-10-28T10:00:00
NL,Noord-Brabant,Bladel,658,,9,23,2020-10-28T10:00:00
NL,Noord-Brabant,Valkenswaard,670,,37,23,2020-10-28T10:00:00
NL,Gelderland,Oude IJsselstreek,390,,9,24,2020-10-28T10:00:00
NL,Flevoland,Urk,160,,4,24,2020-10-28T10:00:00
NL,Limburg,Gulpen-Wittem,227,,15,24,2020-10-28T10:00:00
NL,Utrecht,Lopik,288,,8,24,2020-10-28T10:00:00
NL,Gelderland,Barneveld,837,,11,24,2020-10-28T10:00:00
NL,Noord-Brabant,Grave,265,,11,24,2020-10-28T10:00:00
NL,Noord-Brabant,Zundert,406,,11,24,2020-10-28T10:00:00
NL,Noord-Brabant,Boxtel,479,,26,24,2020-10-28T10:00:00
NL,Overijssel,Hardenberg,658,,10,24,2020-10-28T10:00:00
NL,Noord-Holland,Diemen,963,,17,24,2020-10-28T10:00:00
NL,Zuid-Holland,Leiderdorp,524,,7,24,2020-10-28T10:00:00
NL,Overijssel,Raalte,523,,24,25,2020-10-28T10:00:00
NL,Gelderland,Montferland,416,,9,25,2020-10-28T10:00:00
NL,Zeeland,Terneuzen,428,,4,25,2020-10-28T10:00:00
NL,Noord-Brabant,Dongen,427,,13,25,2020-10-28T10:00:00
NL,Noord-Brabant,Halderberge,579,,12,25,2020-10-28T10:00:00
NL,Noord-Holland,Hollands Kroon,404,,6,26,2020-10-28T10:00:00
NL,Zuid-Holland,Waddinxveen,605,,7,26,2020-10-28T10:00:00
NL,Gelderland,Culemborg,536,,9,27,2020-10-28T10:00:00
NL,Noord-Brabant,Oisterwijk,397,,12,27,2020-10-28T10:00:00
NL,Gelderland,Nijkerk,720,,4,27,2020-10-28T10:00:00
NL,Limburg,Roerdalen,140,,8,27,2020-10-28T10:00:00
NL,Drenthe,Hoogeveen,578,,12,27,2020-10-28T10:00:00
NL,Noord-Holland,Huizen,832,,10,28,2020-10-28T10:00:00
NL,Noord-Holland,Gooise Meren,1004,,15,28,2020-10-28T10:00:00
NL,Gelderland,Druten,297,,9,28,2020-10-28T10:00:00
NL,Limburg,Maasgouw,243,,15,28,2020-10-28T10:00:00
NL,Noord-Brabant,Loon op Zand,414,,19,29,2020-10-28T10:00:00
NL,Noord-Holland,Heerhugowaard,722,,10,29,2020-10-28T10:00:00
NL,Zuid-Holland,Zwijndrecht,1135,,31,29,2020-10-28T10:00:00
NL,Gelderland,Elburg,299,,8,29,2020-10-28T10:00:00
NL,Utrecht,Oudewater,205,,11,30,2020-10-28T10:00:00
NL,Zuid-Holland,Noordwijk,772,,4,30,2020-10-28T10:00:00
NL,Overijssel,Rijssen-Holten,613,,26,30,2020-10-28T10:00:00
NL,Noord-Brabant,Eersel,454,,10,30,2020-10-28T10:00:00
NL,Zuid-Holland,Maassluis,867,,11,30,2020-10-28T10:00:00
NL,Noord-Brabant,Son en Breugel,261,,15,31,2020-10-28T10:00:00
NL,Zuid-Holland,Zuidplas,1038,,23,32,2020-10-28T10:00:00
NL,Overijssel,Almelo,1132,,14,32,2020-10-28T10:00:00
NL,Groningen,Groningen,3384,,4,32,2020-10-28T10:00:00
NL,Zuid-Holland,Pijnacker-Nootdorp,1221,,18,32,2020-10-28T10:00:00
NL,Gelderland,Doetinchem,691,,16,33,2020-10-28T10:00:00
NL,Noord-Brabant,Goirle,447,,22,33,2020-10-28T10:00:00
NL,Gelderland,Ermelo,354,,23,33,2020-10-28T10:00:00
NL,Utrecht,Utrechtse Heuvelrug,875,,18,33,2020-10-28T10:00:00
NL,Utrecht,De Bilt,896,,24,33,2020-10-28T10:00:00
NL,Limburg,Nederweert,244,,7,33,2020-10-28T10:00:00
NL,Noord-Holland,Heemskerk,621,,15,34,2020-10-28T10:00:00
NL,Utrecht,Houten,845,,20,34,2020-10-28T10:00:00
NL,Noord-Brabant,Someren,278,,8,34,2020-10-28T10:00:00
NL,Gelderland,Zutphen,465,,13,34,2020-10-28T10:00:00
NL,Noord-Brabant,Best,442,,12,35,2020-10-28T10:00:00
NL,Overijssel,Zwartewaterland,365,,22,35,2020-10-28T10:00:00
NL,Gelderland,Rheden,530,,15,35,2020-10-28T10:00:00
NL,Utrecht,Soest,981,,15,35,2020-10-28T10:00:00
NL,Noord-Brabant,Boekel,195,,20,36,2020-10-28T10:00:00
NL,Noord-Brabant,Geldrop-Mierlo,623,,16,37,2020-10-28T10:00:00
NL,Noord-Brabant,Veldhoven,859,,19,37,2020-10-28T10:00:00
NL,Noord-Brabant,Sint-Michielsgestel,566,,19,37,2020-10-28T10:00:00
NL,Gelderland,Lingewaard,751,,12,38,2020-10-28T10:00:00
NL,Noord-Holland,Edam-Volendam,909,,4,38,2020-10-28T10:00:00
NL,Zuid-Holland,Leidschendam-Voorburg,1515,,28,38,2020-10-28T10:00:00
NL,Noord-Brabant,Altena,852,,18,39,2020-10-28T10:00:00
NL,Noord-Holland,Hilversum,1492,,26,39,2020-10-28T10:00:00
NL,Noord-Holland,Hoorn,930,,14,39,2020-10-28T10:00:00
NL,Overijssel,Hengelo,1378,,24,39,2020-10-28T10:00:00
NL,Flevoland,Dronten,350,,14,40,2020-10-28T10:00:00
NL,Gelderland,Oldebroek,284,,19,40,2020-10-28T10:00:00
NL,Gelderland,Berg en Dal,741,,24,40,2020-10-28T10:00:00
NL,Limburg,Horst aan de Maas,668,,28,41,2020-10-28T10:00:00
NL,Limburg,Venray,804,,20,41,2020-10-28T10:00:00
NL,Noord-Brabant,Landerd,413,,21,42,2020-10-28T10:00:00
NL,Noord-Brabant,Laarbeek,387,,26,42,2020-10-28T10:00:00
NL,Limburg,Echt-Susteren,252,,19,43,2020-10-28T10:00:00
NL,Zeeland,Tholen,399,,19,43,2020-10-28T10:00:00
NL,Gelderland,Neder-Betuwe,442,,22,43,2020-10-28T10:00:00
NL,Utrecht,IJsselstein,684,,35,43,2020-10-28T10:00:00
NL,Noord-Brabant,Vught,441,,17,43,2020-10-28T10:00:00
NL,Utrecht,Zeist,1215,,28,44,2020-10-28T10:00:00
NL,Noord-Brabant,Waalwijk,899,,39,44,2020-10-28T10:00:00
NL,Noord-Brabant,Bergen op Zoom,1657,,15,45,2020-10-28T10:00:00
NL,Zuid-Holland,Katwijk,1574,,20,45,2020-10-28T10:00:00
NL,Noord-Brabant,Roosendaal,1570,,27,45,2020-10-28T10:00:00
NL,Friesland,Leeuwarden,1347,,9,45,2020-10-28T10:00:00
NL,Zuid-Holland,Ridderkerk,1145,,20,46,2020-10-28T10:00:00
NL,Drenthe,Emmen,1376,,23,47,2020-10-28T10:00:00
NL,Limburg,Stein,259,,15,47,2020-10-28T10:00:00
NL,Utrecht,Stichtse Vecht,1173,,16,47,2020-10-28T10:00:00
NL,Gelderland,Harderwijk,664,,22,47,2020-10-28T10:00:00
NL,Noord-Brabant,Etten-Leur,893,,31,48,2020-10-28T10:00:00
NL,Noord-Holland,Velsen,1197,,44,48,2020-10-28T10:00:00
NL,Utrecht,De Ronde Venen,817,,14,48,2020-10-28T10:00:00
NL,Utrecht,Vijfheerenlanden,1173,,44,48,2020-10-28T10:00:00
NL,Zuid-Holland,Delft,2530,,16,48,2020-10-28T10:00:00
NL,Gelderland,Tiel,792,,22,48,2020-10-28T10:00:00
NL,Noord-Brabant,Heusden,802,,26,49,2020-10-28T10:00:00
NL,Zuid-Holland,Barendrecht,1392,,18,50,2020-10-28T10:00:00
NL,Gelderland,Wijchen,645,,15,50,2020-10-28T10:00:00
NL,Limburg,Brunssum,311,,21,50,2020-10-28T10:00:00
NL,Overijssel,Deventer,1374,,40,50,2020-10-28T10:00:00
NL,Zuid-Holland,Lansingerland,1550,,32,50,2020-10-28T10:00:00
NL,Noord-Brabant,Oosterhout,921,,17,52,2020-10-28T10:00:00
NL,Gelderland,West Betuwe,782,,30,52,2020-10-28T10:00:00
NL,Limburg,Beekdaelen,399,,26,52,2020-10-28T10:00:00
NL,Gelderland,Epe,403,,23,53,2020-10-28T10:00:00
NL,Limburg,Landgraaf,335,,14,54,2020-10-28T10:00:00
NL,Overijssel,Zwolle,1439,,50,54,2020-10-28T10:00:00
NL,Utrecht,Nieuwegein,1081,,15,54,2020-10-28T10:00:00
NL,Limburg,Leudal,430,,33,54,2020-10-28T10:00:00
NL,Gelderland,Heerde,306,,28,55,2020-10-28T10:00:00
NL,Zuid-Holland,Krimpenerwaard,1201,,37,55,2020-10-28T10:00:00
NL,Gelderland,Zevenaar,515,,17,56,2020-10-28T10:00:00
NL,Utrecht,Veenendaal,1370,,16,57,2020-10-28T10:00:00
NL,Zuid-Holland,Goeree-Overflakkee,879,,35,58,2020-10-28T10:00:00
NL,Noord-Brabant,Deurne,678,,26,58,2020-10-28T10:00:00
NL,Limburg,Eijsden-Margraten,410,,28,58,2020-10-28T10:00:00
NL,Zuid-Holland,Vlaardingen,2213,,34,58,2020-10-28T10:00:00
NL,Zuid-Holland,Leiden,2823,,25,60,2020-10-28T10:00:00
NL,Gelderland,Overbetuwe,640,,18,60,2020-10-28T10:00:00
NL,Zuid-Holland,Rijswijk,1344,,38,61,2020-10-28T10:00:00
NL,Overijssel,Kampen,674,,37,61,2020-10-28T10:00:00
NL,Gelderland,Nunspeet,422,,22,62,2020-10-28T10:00:00
NL,Noord-Brabant,Cranendonck,467,,36,63,2020-10-28T10:00:00
NL,Utrecht,Woerden,885,,22,64,2020-10-28T10:00:00
NL,Noord-Holland,Alkmaar,1426,,32,64,2020-10-28T10:00:00
NL,Zuid-Holland,Gouda,1803,,50,65,2020-10-28T10:00:00
NL,Limburg,Roermond,603,,24,65,2020-10-28T10:00:00
NL,Zuid-Holland,Zoetermeer,2538,,19,68,2020-10-28T10:00:00
NL,Limburg,Kerkrade,501,,37,68,2020-10-28T10:00:00
NL,Overijssel,Enschede,2536,,37,68,2020-10-28T10:00:00
NL,Limburg,Weert,669,,16,71,2020-10-28T10:00:00
NL,Zuid-Holland,Capelle aan den IJssel,1773,,66,72,2020-10-28T10:00:00
NL,Zuid-Holland,Westland,2322,,30,73,2020-10-28T10:00:00
NL,Zuid-Holland,Nissewaard,1849,,25,73,2020-10-28T10:00:00
NL,Gelderland,Ede,1830,,30,74,2020-10-28T10:00:00
NL,Noord-Holland,Amstelveen,2099,,48,76,2020-10-28T10:00:00
NL,Zuid-Holland,Schiedam,2350,,27,76,2020-10-28T10:00:00
NL,Noord-Brabant,Gemert-Bakel,523,,32,79,2020-10-28T10:00:00
NL,Flevoland,Lelystad,1009,,33,82,2020-10-28T10:00:00
NL,Zuid-Holland,Hoeksche Waard,1783,,29,84,2020-10-28T10:00:00
NL,Noord-Holland,Purmerend,1351,,38,85,2020-10-28T10:00:00
NL,Zuid-Holland,Alphen aan den Rijn,2200,,32,85,2020-10-28T10:00:00
NL,Gelderland,Arnhem,2285,,35,93,2020-10-28T10:00:00
NL,Noord-Holland,Haarlemmermeer,2987,,40,95,2020-10-28T10:00:00
NL,Noord-Brabant,Bernheze,710,,66,97,2020-10-28T10:00:00
NL,Zuid-Holland,Dordrecht,2792,,79,97,2020-10-28T10:00:00
NL,Utrecht,Amersfoort,2657,,28,98,2020-10-28T10:00:00
NL,Noord-Holland,Haarlem,2752,,75,104,2020-10-28T10:00:00
NL,Gelderland,Apeldoorn,1788,,56,115,2020-10-28T10:00:00
NL,Noord-Brabant,Uden,657,,64,115,2020-10-28T10:00:00
NL,Noord-Brabant,Helmond,2059,,46,124,2020-10-28T10:00:00
NL,Limburg,Sittard-Geleen,957,,66,126,2020-10-28T10:00:00
NL,Limburg,Heerlen,921,,55,130,2020-10-28T10:00:00
NL,Limburg,Venlo,1741,,71,142,2020-10-28T10:00:00
NL,Limburg,Peel en Maas,770,,65,145,2020-10-28T10:00:00
NL,Noord-Brabant,'s-Hertogenbosch,2658,,87,149,2020-10-28T10:00:00
NL,Noord-Holland,Zaanstad,3320,,63,156,2020-10-28T10:00:00
NL,Flevoland,Almere,3595,,39,169,2020-10-28T10:00:00
NL,Noord-Brabant,Oss,2130,,93,175,2020-10-28T10:00:00
NL,Gelderland,Nijmegen,3555,,79,176,2020-10-28T10:00:00
NL,Noord-Brabant,Breda,3582,,80,180,2020-10-28T10:00:00
NL,Limburg,Maastricht,1932,,140,198,2020-10-28T10:00:00
NL,Noord-Brabant,Eindhoven,3763,,104,209,2020-10-28T10:00:00
NL,Noord-Brabant,Meierijstad,1539,,134,214,2020-10-28T10:00:00
NL,Noord-Brabant,Tilburg,4142,,174,270,2020-10-28T10:00:00
NL,Utrecht,Utrecht,9724,,127,359,2020-10-28T10:00:00
NL,Zuid-Holland,'s-Gravenhage,15879,,326,582,2020-10-28T10:00:00
NL,Zuid-Holland,Rotterdam,22520,,431,817,2020-10-28T10:00:00
NL,Noord-Holland,Amsterdam,28833,,337,1000,2020-10-28T10:00:00
