country,nuts_2,lau,cases,population,deaths,hospitalized,datetime
NL,Friesland,Vlieland,21,,0,0,2021-01-02T10:00:00
NL,Friesland,Ameland,124,,0,0,2021-01-02T10:00:00
NL,Drenthe,,15,,0,0,2021-01-02T10:00:00
NL,Friesland,Terschelling,97,,1,1,2021-01-02T10:00:00
NL,Friesland,Schiermonnikoog,7,,0,1,2021-01-02T10:00:00
NL,Groningen,,22,,0,1,2021-01-02T10:00:00
NL,Friesland,,20,,0,1,2021-01-02T10:00:00
NL,Gelderland,Rozendaal,62,,0,1,2021-01-02T10:00:00
NL,Flevoland,,16,,0,1,2021-01-02T10:00:00
NL,Friesland,Achtkarspelen,631,,1,2,2021-01-02T10:00:00
NL,Groningen,Loppersum,201,,0,2,2021-01-02T10:00:00
NL,Zeeland,,7,,1,2,2021-01-02T10:00:00
NL,Zuid-Holland,Hardinxveld-Giessendam,1181,,8,2,2021-01-02T10:00:00
NL,Friesland,Dantumadiel,515,,7,3,2021-01-02T10:00:00
NL,Zeeland,Noord-Beveland,129,,1,3,2021-01-02T10:00:00
NL,Drenthe,Aa en Hunze,594,,1,3,2021-01-02T10:00:00
NL,Noord-Holland,Opmeer,476,,2,3,2021-01-02T10:00:00
NL,Groningen,Veendam,674,,4,4,2021-01-02T10:00:00
NL,Overijssel,,447,,3,5,2021-01-02T10:00:00
NL,Friesland,Harlingen,230,,2,5,2021-01-02T10:00:00
NL,Utrecht,Renswoude,328,,5,5,2021-01-02T10:00:00
NL,Gelderland,Scherpenzeel,623,,8,5,2021-01-02T10:00:00
NL,Noord-Holland,Beemster,331,,2,5,2021-01-02T10:00:00
NL,Noord-Holland,Texel,260,,2,6,2021-01-02T10:00:00
NL,Zeeland,Kapelle,330,,3,6,2021-01-02T10:00:00
NL,Friesland,Weststellingwerf,608,,12,6,2021-01-02T10:00:00
NL,Utrecht,,97,,1,6,2021-01-02T10:00:00
NL,Zuid-Holland,Zoeterwoude,389,,1,6,2021-01-02T10:00:00
NL,Limburg,,150,,3,7,2021-01-02T10:00:00
NL,Noord-Holland,Drechterland,932,,9,8,2021-01-02T10:00:00
NL,Noord-Holland,Uitgeest,687,,6,8,2021-01-02T10:00:00
NL,Noord-Holland,Ouder-Amstel,767,,1,8,2021-01-02T10:00:00
NL,Noord-Holland,Landsmeer,536,,5,8,2021-01-02T10:00:00
NL,Noord-Holland,Blaricum,499,,4,8,2021-01-02T10:00:00
NL,Utrecht,Eemnes,452,,1,8,2021-01-02T10:00:00
NL,Friesland,Tytsjerksteradiel,588,,4,9,2021-01-02T10:00:00
NL,Noord-Brabant,Waalre,765,,10,9,2021-01-02T10:00:00
NL,Groningen,Appingedam,305,,1,9,2021-01-02T10:00:00
NL,Zeeland,Reimerswaal,862,,5,10,2021-01-02T10:00:00
NL,Gelderland,,263,,2,10,2021-01-02T10:00:00
NL,Friesland,Ooststellingwerf,511,,1,10,2021-01-02T10:00:00
NL,Zeeland,Veere,499,,2,10,2021-01-02T10:00:00
NL,Noord-Holland,Bloemendaal,808,,8,11,2021-01-02T10:00:00
NL,Zuid-Holland,Westvoorne,553,,8,11,2021-01-02T10:00:00
NL,Groningen,Pekela,237,,2,11,2021-01-02T10:00:00
NL,Limburg,Mook en Middelaar,358,,9,11,2021-01-02T10:00:00
NL,Overijssel,Ommen,589,,10,11,2021-01-02T10:00:00
NL,Drenthe,Westerveld,376,,6,11,2021-01-02T10:00:00
NL,Drenthe,Noordenveld,508,,17,11,2021-01-02T10:00:00
NL,Overijssel,Wierden,1898,,18,11,2021-01-02T10:00:00
NL,Noord-Holland,Laren,534,,17,12,2021-01-02T10:00:00
NL,Noord-Brabant,Baarle-Nassau,264,,4,12,2021-01-02T10:00:00
NL,Zuid-Holland,Hillegom,873,,2,12,2021-01-02T10:00:00
NL,Zuid-Holland,Sliedrecht,1660,,22,12,2021-01-02T10:00:00
NL,Noord-Brabant,Woensdrecht,869,,21,12,2021-01-02T10:00:00
NL,Overijssel,Olst-Wijhe,543,,8,12,2021-01-02T10:00:00
NL,Limburg,Bergen (L.),685,,5,12,2021-01-02T10:00:00
NL,Overijssel,Staphorst,1040,,8,12,2021-01-02T10:00:00
NL,Drenthe,Midden-Drenthe,834,,3,13,2021-01-02T10:00:00
NL,Noord-Holland,Weesp,1202,,17,13,2021-01-02T10:00:00
NL,Noord-Holland,Oostzaan,547,,3,13,2021-01-02T10:00:00
NL,Drenthe,Tynaarlo,654,,13,13,2021-01-02T10:00:00
NL,Zuid-Holland,Papendrecht,1675,,26,13,2021-01-02T10:00:00
NL,Gelderland,Winterswijk,967,,8,13,2021-01-02T10:00:00
NL,Noord-Holland,Koggenland,914,,12,13,2021-01-02T10:00:00
NL,Zeeland,Borsele,524,,3,13,2021-01-02T10:00:00
NL,Utrecht,Woudenberg,842,,6,13,2021-01-02T10:00:00
NL,Noord-Brabant,Mill en Sint Hubert,557,,7,14,2021-01-02T10:00:00
NL,Zuid-Holland,Midden-Delfland,1044,,9,14,2021-01-02T10:00:00
NL,Zuid-Holland,Voorschoten,983,,16,14,2021-01-02T10:00:00
NL,Groningen,Delfzijl,718,,5,14,2021-01-02T10:00:00
NL,Noord-Holland,Zandvoort,687,,19,15,2021-01-02T10:00:00
NL,Groningen,Westerwolde,808,,5,15,2021-01-02T10:00:00
NL,Drenthe,Meppel,1005,,10,15,2021-01-02T10:00:00
NL,Drenthe,Borger-Odoorn,720,,11,15,2021-01-02T10:00:00
NL,Utrecht,Wijk bij Duurstede,913,,9,15,2021-01-02T10:00:00
NL,Groningen,Stadskanaal,1231,,8,15,2021-01-02T10:00:00
NL,Gelderland,Doesburg,390,,8,15,2021-01-02T10:00:00
NL,Friesland,Opsterland,532,,1,15,2021-01-02T10:00:00
NL,Limburg,Vaals,263,,5,15,2021-01-02T10:00:00
NL,Zuid-Holland,Hendrik-Ido-Ambacht,1796,,20,15,2021-01-02T10:00:00
NL,Noord-Holland,Heiloo,835,,10,15,2021-01-02T10:00:00
NL,Overijssel,Tubbergen,1542,,12,16,2021-01-02T10:00:00
NL,Gelderland,Putten,1334,,7,16,2021-01-02T10:00:00
NL,Utrecht,Bunnik,635,,11,16,2021-01-02T10:00:00
NL,Zuid-Holland,Kaag en Braassem,1194,,3,16,2021-01-02T10:00:00
NL,Friesland,Smallingerland,1065,,14,16,2021-01-02T10:00:00
NL,Groningen,Het Hogeland,1361,,16,16,2021-01-02T10:00:00
NL,Noord-Holland,Wijdemeren,969,,8,17,2021-01-02T10:00:00
NL,Flevoland,Zeewolde,850,,9,17,2021-01-02T10:00:00
NL,Utrecht,Montfoort,729,,7,17,2021-01-02T10:00:00
NL,Zuid-Holland,Oegstgeest,1153,,21,17,2021-01-02T10:00:00
NL,Gelderland,Aalten,1063,,15,17,2021-01-02T10:00:00
NL,Overijssel,Hellendoorn,2110,,21,18,2021-01-02T10:00:00
NL,Groningen,Oldambt,883,,13,18,2021-01-02T10:00:00
NL,Gelderland,Westervoort,622,,7,18,2021-01-02T10:00:00
NL,Zuid-Holland,Alblasserdam,1313,,16,18,2021-01-02T10:00:00
NL,Noord-Holland,Castricum,1369,,13,18,2021-01-02T10:00:00
NL,Friesland,Noardeast-Fryslân,1087,,15,18,2021-01-02T10:00:00
NL,Noord-Brabant,Hilvarenbeek,866,,18,18,2021-01-02T10:00:00
NL,Limburg,Beek,642,,11,19,2021-01-02T10:00:00
NL,Limburg,Voerendaal,416,,8,19,2021-01-02T10:00:00
NL,Overijssel,Dalfsen,1105,,15,19,2021-01-02T10:00:00
NL,Gelderland,Hattem,409,,5,19,2021-01-02T10:00:00
NL,Noord-Holland,Aalsmeer,1492,,21,19,2021-01-02T10:00:00
NL,Drenthe,De Wolden,752,,7,19,2021-01-02T10:00:00
NL,Noord-Holland,,403,,3,19,2021-01-02T10:00:00
NL,Friesland,Heerenveen,961,,24,19,2021-01-02T10:00:00
NL,Noord-Brabant,Heeze-Leende,801,,13,20,2021-01-02T10:00:00
NL,Friesland,Waadhoeke,1109,,23,20,2021-01-02T10:00:00
NL,Zuid-Holland,Lisse,1058,,11,20,2021-01-02T10:00:00
NL,Noord-Brabant,Reusel-De Mierden,836,,6,20,2021-01-02T10:00:00
NL,Utrecht,Rhenen,1300,,9,20,2021-01-02T10:00:00
NL,Noord-Brabant,Sint Anthonis,578,,11,21,2021-01-02T10:00:00
NL,Utrecht,Leusden,1261,,19,21,2021-01-02T10:00:00
NL,Noord-Holland,Heemstede,1026,,49,21,2021-01-02T10:00:00
NL,Noord-Brabant,Alphen-Chaam,452,,5,21,2021-01-02T10:00:00
NL,Overijssel,Steenwijkerland,1266,,13,21,2021-01-02T10:00:00
NL,Noord-Brabant,Oirschot,1033,,20,21,2021-01-02T10:00:00
NL,Noord-Holland,Stede Broec,1018,,7,21,2021-01-02T10:00:00
NL,Zeeland,Schouwen-Duiveland,840,,17,22,2021-01-02T10:00:00
NL,Overijssel,Borne,1295,,15,22,2021-01-02T10:00:00
NL,Gelderland,Bronckhorst,1475,,12,22,2021-01-02T10:00:00
NL,Zeeland,Hulst,866,,11,22,2021-01-02T10:00:00
NL,Limburg,Simpelveld,430,,5,22,2021-01-02T10:00:00
NL,Noord-Brabant,Geertruidenberg,1058,,19,22,2021-01-02T10:00:00
NL,Zuid-Holland,Wassenaar,1056,,23,22,2021-01-02T10:00:00
NL,Zuid-Holland,Nieuwkoop,1424,,16,23,2021-01-02T10:00:00
NL,Noord-Holland,Langedijk,1234,,7,23,2021-01-02T10:00:00
NL,Zuid-Holland,Brielle,752,,7,23,2021-01-02T10:00:00
NL,Noord-Brabant,Cuijk,1205,,18,23,2021-01-02T10:00:00
NL,Gelderland,Duiven,1144,,8,23,2021-01-02T10:00:00
NL,Groningen,Westerkwartier,1218,,10,23,2021-01-02T10:00:00
NL,Noord-Brabant,Asten,763,,15,23,2021-01-02T10:00:00
NL,Noord-Brabant,Bergeijk,1204,,6,24,2021-01-02T10:00:00
NL,Gelderland,Heumen,766,,13,24,2021-01-02T10:00:00
NL,Noord-Holland,Enkhuizen,1036,,8,24,2021-01-02T10:00:00
NL,Zeeland,Vlissingen,894,,7,24,2021-01-02T10:00:00
NL,Overijssel,Haaksbergen,1592,,26,24,2021-01-02T10:00:00
NL,Noord-Brabant,"Nuenen, Gerwen en Nederwetten",953,,14,24,2021-01-02T10:00:00
NL,Gelderland,Voorst,870,,12,24,2021-01-02T10:00:00
NL,Groningen,Midden-Groningen,1365,,18,24,2021-01-02T10:00:00
NL,Noord-Brabant,Steenbergen,1058,,15,24,2021-01-02T10:00:00
NL,Limburg,Gennep,948,,16,24,2021-01-02T10:00:00
NL,Noord-Brabant,,779,,6,24,2021-01-02T10:00:00
NL,Gelderland,West Maas en Waal,732,,15,24,2021-01-02T10:00:00
NL,Limburg,Beesel,535,,10,24,2021-01-02T10:00:00
NL,Zuid-Holland,Gorinchem,2101,,26,25,2021-01-02T10:00:00
NL,Gelderland,Brummen,735,,10,25,2021-01-02T10:00:00
NL,Gelderland,Beuningen,1052,,12,25,2021-01-02T10:00:00
NL,Zeeland,Sluis,830,,14,25,2021-01-02T10:00:00
NL,Utrecht,Lopik,726,,9,25,2021-01-02T10:00:00
NL,Noord-Holland,Beverwijk,1758,,17,26,2021-01-02T10:00:00
NL,Gelderland,Renkum,1117,,22,26,2021-01-02T10:00:00
NL,Noord-Holland,Wormerland,716,,14,26,2021-01-02T10:00:00
NL,Overijssel,Dinkelland,1732,,19,26,2021-01-02T10:00:00
NL,Overijssel,Losser,1464,,15,26,2021-01-02T10:00:00
NL,Flevoland,Noordoostpolder,1871,,21,26,2021-01-02T10:00:00
NL,Gelderland,Lochem,1108,,23,26,2021-01-02T10:00:00
NL,Noord-Brabant,Haaren,737,,13,26,2021-01-02T10:00:00
NL,Gelderland,Oost Gelre,1402,,30,26,2021-01-02T10:00:00
NL,Utrecht,Baarn,1139,,21,27,2021-01-02T10:00:00
NL,Limburg,Meerssen,692,,17,27,2021-01-02T10:00:00
NL,Noord-Brabant,Rucphen,1168,,12,27,2021-01-02T10:00:00
NL,Noord-Holland,Uithoorn,1280,,6,27,2021-01-02T10:00:00
NL,Noord-Holland,Waterland,889,,14,27,2021-01-02T10:00:00
NL,Zuid-Holland,Teylingen,1991,,9,27,2021-01-02T10:00:00
NL,Noord-Holland,Medemblik,2140,,12,27,2021-01-02T10:00:00
NL,Zuid-Holland,Molenlanden,2404,,21,27,2021-01-02T10:00:00
NL,Limburg,Valkenburg aan de Geul,626,,13,27,2021-01-02T10:00:00
NL,Noord-Brabant,Bladel,1461,,19,27,2021-01-02T10:00:00
NL,Overijssel,Twenterand,2273,,11,27,2021-01-02T10:00:00
NL,Overijssel,Raalte,1828,,27,28,2021-01-02T10:00:00
NL,Limburg,Gulpen-Wittem,580,,16,28,2021-01-02T10:00:00
NL,Noord-Holland,Schagen,1878,,23,28,2021-01-02T10:00:00
NL,Noord-Holland,Den Helder,1751,,8,28,2021-01-02T10:00:00
NL,Gelderland,Zaltbommel,1803,,31,28,2021-01-02T10:00:00
NL,Overijssel,Hof van Twente,1788,,16,28,2021-01-02T10:00:00
NL,Noord-Holland,Bergen (NH.),1234,,28,28,2021-01-02T10:00:00
NL,Gelderland,Maasdriel,1234,,22,28,2021-01-02T10:00:00
NL,Gelderland,Buren,1176,,13,29,2021-01-02T10:00:00
NL,Zuid-Holland,Krimpen aan den IJssel,1907,,42,29,2021-01-02T10:00:00
NL,Noord-Brabant,Grave,766,,23,29,2021-01-02T10:00:00
NL,Noord-Brabant,Gilze en Rijen,1321,,18,30,2021-01-02T10:00:00
NL,Gelderland,Berkelland,1899,,35,30,2021-01-02T10:00:00
NL,Drenthe,Coevorden,1141,,8,30,2021-01-02T10:00:00
NL,Noord-Brabant,Boxmeer,1622,,36,30,2021-01-02T10:00:00
NL,Friesland,Súdwest-Fryslân,3050,,40,30,2021-01-02T10:00:00
NL,Limburg,Roerdalen,739,,15,30,2021-01-02T10:00:00
NL,Gelderland,Wageningen,1529,,30,30,2021-01-02T10:00:00
NL,Gelderland,Oude IJsselstreek,1567,,26,30,2021-01-02T10:00:00
NL,Limburg,Maasgouw,922,,16,31,2021-01-02T10:00:00
NL,Gelderland,Montferland,1364,,12,31,2021-01-02T10:00:00
NL,Noord-Brabant,Valkenswaard,1668,,45,31,2021-01-02T10:00:00
NL,Zuid-Holland,Leiderdorp,1239,,16,31,2021-01-02T10:00:00
NL,Drenthe,Assen,1538,,9,31,2021-01-02T10:00:00
NL,Friesland,De Fryske Marren,1198,,13,31,2021-01-02T10:00:00
NL,Noord-Brabant,Oisterwijk,1275,,16,32,2021-01-02T10:00:00
NL,Noord-Brabant,Zundert,922,,13,32,2021-01-02T10:00:00
NL,Gelderland,Druten,839,,18,32,2021-01-02T10:00:00
NL,Noord-Brabant,Moerdijk,1574,,24,32,2021-01-02T10:00:00
NL,Utrecht,Oudewater,528,,12,32,2021-01-02T10:00:00
NL,Gelderland,Barneveld,4116,,27,32,2021-01-02T10:00:00
NL,Zuid-Holland,Albrandswaard,1694,,17,33,2021-01-02T10:00:00
NL,Gelderland,Elburg,989,,12,33,2021-01-02T10:00:00
NL,Zeeland,Goes,933,,15,33,2021-01-02T10:00:00
NL,Gelderland,Ermelo,1392,,28,34,2021-01-02T10:00:00
NL,Overijssel,Oldenzaal,1854,,34,35,2021-01-02T10:00:00
NL,Zuid-Holland,Hellevoetsluis,1589,,15,35,2021-01-02T10:00:00
NL,Noord-Holland,Diemen,1838,,25,35,2021-01-02T10:00:00
NL,Noord-Brabant,Son en Breugel,669,,22,35,2021-01-02T10:00:00
NL,Gelderland,Culemborg,1354,,13,35,2021-01-02T10:00:00
NL,Zeeland,Middelburg,1081,,16,35,2021-01-02T10:00:00
NL,Noord-Brabant,Drimmelen,1226,,23,35,2021-01-02T10:00:00
NL,Noord-Holland,Hollands Kroon,1636,,9,36,2021-01-02T10:00:00
NL,Zuid-Holland,Bodegraven-Reeuwijk,1959,,18,37,2021-01-02T10:00:00
NL,Zuid-Holland,,1506,,15,37,2021-01-02T10:00:00
NL,Noord-Brabant,Someren,965,,10,37,2021-01-02T10:00:00
NL,Gelderland,Nijkerk,2351,,9,37,2021-01-02T10:00:00
NL,Noord-Brabant,Goirle,1185,,24,37,2021-01-02T10:00:00
NL,Overijssel,Rijssen-Holten,2470,,36,38,2021-01-02T10:00:00
NL,Noord-Brabant,Boxtel,1456,,46,38,2021-01-02T10:00:00
NL,Noord-Brabant,Halderberge,1438,,17,38,2021-01-02T10:00:00
NL,Noord-Holland,Heerhugowaard,2344,,15,38,2021-01-02T10:00:00
NL,Limburg,Nederweert,1058,,15,38,2021-01-02T10:00:00
NL,Utrecht,Bunschoten,2404,,29,39,2021-01-02T10:00:00
NL,Noord-Brabant,Dongen,1543,,22,39,2021-01-02T10:00:00
NL,Noord-Brabant,Loon op Zand,1370,,30,39,2021-01-02T10:00:00
NL,Noord-Brabant,Boekel,524,,21,39,2021-01-02T10:00:00
NL,Overijssel,Zwartewaterland,895,,24,40,2021-01-02T10:00:00
NL,Overijssel,Hardenberg,2428,,20,40,2021-01-02T10:00:00
NL,Flevoland,Urk,1670,,11,40,2021-01-02T10:00:00
NL,Noord-Brabant,Eersel,1151,,19,40,2021-01-02T10:00:00
NL,Zuid-Holland,Zwijndrecht,2638,,56,40,2021-01-02T10:00:00
NL,Noord-Holland,Huizen,2260,,34,41,2021-01-02T10:00:00
NL,Zuid-Holland,Pijnacker-Nootdorp,2943,,25,41,2021-01-02T10:00:00
NL,Noord-Brabant,Best,1431,,19,42,2021-01-02T10:00:00
NL,Drenthe,Hoogeveen,2099,,21,42,2021-01-02T10:00:00
NL,Noord-Brabant,Sint-Michielsgestel,1498,,28,42,2021-01-02T10:00:00
NL,Utrecht,De Bilt,1988,,51,42,2021-01-02T10:00:00
NL,Noord-Holland,Gooise Meren,2497,,22,42,2021-01-02T10:00:00
NL,Gelderland,Oldebroek,973,,26,43,2021-01-02T10:00:00
NL,Gelderland,Zutphen,1547,,22,44,2021-01-02T10:00:00
NL,Gelderland,Doetinchem,2169,,23,45,2021-01-02T10:00:00
NL,Gelderland,Berg en Dal,1650,,36,45,2021-01-02T10:00:00
NL,Gelderland,Rheden,1754,,30,45,2021-01-02T10:00:00
NL,Noord-Holland,Heemskerk,1761,,23,45,2021-01-02T10:00:00
NL,Noord-Brabant,Landerd,938,,22,46,2021-01-02T10:00:00
NL,Noord-Brabant,Laarbeek,1149,,30,46,2021-01-02T10:00:00
NL,Utrecht,Houten,2193,,48,46,2021-01-02T10:00:00
NL,Limburg,Echt-Susteren,1100,,20,46,2021-01-02T10:00:00
NL,Zeeland,Terneuzen,1901,,13,49,2021-01-02T10:00:00
NL,Limburg,Venray,2776,,27,49,2021-01-02T10:00:00
NL,Utrecht,Soest,2283,,37,50,2021-01-02T10:00:00
NL,Zuid-Holland,Maassluis,1944,,21,50,2021-01-02T10:00:00
NL,Flevoland,Dronten,1603,,17,50,2021-01-02T10:00:00
NL,Zuid-Holland,Waddinxveen,1503,,11,50,2021-01-02T10:00:00
NL,Zuid-Holland,Noordwijk,2013,,12,50,2021-01-02T10:00:00
NL,Noord-Brabant,Veldhoven,2250,,29,51,2021-01-02T10:00:00
NL,Noord-Brabant,Vught,1530,,39,51,2021-01-02T10:00:00
NL,Zeeland,Tholen,1107,,22,51,2021-01-02T10:00:00
NL,Gelderland,Neder-Betuwe,1449,,27,52,2021-01-02T10:00:00
NL,Groningen,Groningen,6427,,17,52,2021-01-02T10:00:00
NL,Utrecht,Utrechtse Heuvelrug,2304,,35,52,2021-01-02T10:00:00
NL,Gelderland,Lingewaard,2072,,19,53,2021-01-02T10:00:00
NL,Limburg,Horst aan de Maas,2543,,50,53,2021-01-02T10:00:00
NL,Zuid-Holland,Zuidplas,2329,,31,54,2021-01-02T10:00:00
NL,Noord-Holland,Hilversum,3481,,59,54,2021-01-02T10:00:00
NL,Noord-Brabant,Geldrop-Mierlo,1902,,21,54,2021-01-02T10:00:00
NL,Noord-Holland,Hoorn,3206,,24,54,2021-01-02T10:00:00
NL,Overijssel,Hengelo,4144,,42,55,2021-01-02T10:00:00
NL,Limburg,Stein,955,,16,55,2021-01-02T10:00:00
NL,Overijssel,Almelo,4225,,35,55,2021-01-02T10:00:00
NL,Gelderland,Heerde,608,,29,55,2021-01-02T10:00:00
NL,Utrecht,Zeist,2801,,39,57,2021-01-02T10:00:00
NL,Utrecht,IJsselstein,1537,,46,57,2021-01-02T10:00:00
NL,Friesland,Leeuwarden,2987,,23,58,2021-01-02T10:00:00
NL,Limburg,Brunssum,1107,,26,60,2021-01-02T10:00:00
NL,Noord-Brabant,Etten-Leur,2125,,31,61,2021-01-02T10:00:00
NL,Noord-Brabant,Altena,3722,,60,61,2021-01-02T10:00:00
NL,Gelderland,Harderwijk,2138,,28,61,2021-01-02T10:00:00
NL,Limburg,Leudal,1693,,42,62,2021-01-02T10:00:00
NL,Limburg,Eijsden-Margraten,1092,,32,62,2021-01-02T10:00:00
NL,Noord-Brabant,Waalwijk,2717,,65,62,2021-01-02T10:00:00
NL,Gelderland,Epe,1241,,30,62,2021-01-02T10:00:00
NL,Limburg,Landgraaf,1395,,30,62,2021-01-02T10:00:00
NL,Zuid-Holland,Ridderkerk,2663,,58,63,2021-01-02T10:00:00
NL,Noord-Holland,Edam-Volendam,1755,,9,63,2021-01-02T10:00:00
NL,Gelderland,Overbetuwe,1722,,24,65,2021-01-02T10:00:00
NL,Utrecht,Vijfheerenlanden,2988,,55,65,2021-01-02T10:00:00
NL,Gelderland,Wijchen,2002,,36,65,2021-01-02T10:00:00
NL,Limburg,Beekdaelen,1378,,31,65,2021-01-02T10:00:00
NL,Noord-Brabant,Roosendaal,3968,,58,66,2021-01-02T10:00:00
NL,Gelderland,Zevenaar,1428,,23,67,2021-01-02T10:00:00
NL,Overijssel,Zwolle,3838,,69,67,2021-01-02T10:00:00
NL,Drenthe,Emmen,3711,,34,67,2021-01-02T10:00:00
NL,Noord-Holland,Velsen,3174,,68,67,2021-01-02T10:00:00
NL,Gelderland,Tiel,1972,,39,67,2021-01-02T10:00:00
NL,Noord-Brabant,Heusden,2288,,41,68,2021-01-02T10:00:00
NL,Noord-Brabant,Oosterhout,2818,,32,68,2021-01-02T10:00:00
NL,Overijssel,Kampen,1819,,41,68,2021-01-02T10:00:00
NL,Zuid-Holland,Lansingerland,3532,,53,68,2021-01-02T10:00:00
NL,Noord-Brabant,Bergen op Zoom,3608,,33,69,2021-01-02T10:00:00
NL,Gelderland,Nunspeet,1148,,26,69,2021-01-02T10:00:00
NL,Overijssel,Deventer,4322,,64,69,2021-01-02T10:00:00
NL,Noord-Brabant,Cranendonck,1246,,43,69,2021-01-02T10:00:00
NL,Noord-Brabant,Deurne,1581,,35,69,2021-01-02T10:00:00
NL,Limburg,Roermond,2331,,29,70,2021-01-02T10:00:00
NL,Zuid-Holland,Delft,5076,,53,73,2021-01-02T10:00:00
NL,Gelderland,West Betuwe,2704,,42,74,2021-01-02T10:00:00
NL,Zuid-Holland,Katwijk,4227,,36,74,2021-01-02T10:00:00
NL,Utrecht,Nieuwegein,2537,,19,75,2021-01-02T10:00:00
NL,Zuid-Holland,Barendrecht,2794,,34,75,2021-01-02T10:00:00
NL,Utrecht,Stichtse Vecht,2996,,43,75,2021-01-02T10:00:00
NL,Utrecht,De Ronde Venen,2060,,30,77,2021-01-02T10:00:00
NL,Utrecht,Woerden,2562,,26,80,2021-01-02T10:00:00
NL,Zuid-Holland,Goeree-Overflakkee,2274,,57,84,2021-01-02T10:00:00
NL,Noord-Brabant,Gemert-Bakel,1323,,34,84,2021-01-02T10:00:00
NL,Zuid-Holland,Krimpenerwaard,2966,,55,86,2021-01-02T10:00:00
NL,Zuid-Holland,Leidschendam-Voorburg,3553,,57,86,2021-01-02T10:00:00
NL,Utrecht,Veenendaal,4753,,42,87,2021-01-02T10:00:00
NL,Zuid-Holland,Rijswijk,2715,,67,89,2021-01-02T10:00:00
NL,Noord-Holland,Alkmaar,4278,,48,90,2021-01-02T10:00:00
NL,Zuid-Holland,Leiden,5665,,43,91,2021-01-02T10:00:00
NL,Limburg,Kerkrade,1471,,45,92,2021-01-02T10:00:00
NL,Noord-Holland,Amstelveen,3990,,80,94,2021-01-02T10:00:00
NL,Zuid-Holland,Hoeksche Waard,3839,,37,94,2021-01-02T10:00:00
NL,Limburg,Weert,3374,,42,96,2021-01-02T10:00:00
NL,Zuid-Holland,Zoetermeer,6184,,35,98,2021-01-02T10:00:00
NL,Noord-Brabant,Bernheze,1617,,68,102,2021-01-02T10:00:00
NL,Zuid-Holland,Vlaardingen,4656,,59,104,2021-01-02T10:00:00
NL,Gelderland,Ede,6416,,57,104,2021-01-02T10:00:00
NL,Flevoland,Lelystad,3093,,47,105,2021-01-02T10:00:00
NL,Zuid-Holland,Nissewaard,4423,,58,106,2021-01-02T10:00:00
NL,Noord-Holland,Purmerend,3134,,51,107,2021-01-02T10:00:00
NL,Zuid-Holland,Capelle aan den IJssel,3846,,100,107,2021-01-02T10:00:00
NL,Noord-Brabant,Uden,1718,,70,121,2021-01-02T10:00:00
NL,Zuid-Holland,Gouda,4166,,113,123,2021-01-02T10:00:00
NL,Zuid-Holland,Westland,6906,,68,124,2021-01-02T10:00:00
NL,Zuid-Holland,Dordrecht,7050,,111,125,2021-01-02T10:00:00
NL,Zuid-Holland,Alphen aan den Rijn,6135,,70,129,2021-01-02T10:00:00
NL,Noord-Holland,Haarlemmermeer,7209,,79,131,2021-01-02T10:00:00
NL,Gelderland,Arnhem,6899,,87,135,2021-01-02T10:00:00
NL,Overijssel,Enschede,7597,,100,138,2021-01-02T10:00:00
NL,Noord-Holland,Haarlem,6644,,115,147,2021-01-02T10:00:00
NL,Gelderland,Apeldoorn,5890,,98,149,2021-01-02T10:00:00
NL,Limburg,Peel en Maas,1978,,68,150,2021-01-02T10:00:00
NL,Zuid-Holland,Schiedam,5075,,53,151,2021-01-02T10:00:00
NL,Noord-Brabant,Helmond,4590,,55,152,2021-01-02T10:00:00
NL,Limburg,Heerlen,3096,,66,154,2021-01-02T10:00:00
NL,Limburg,Sittard-Geleen,3371,,80,156,2021-01-02T10:00:00
NL,Utrecht,Amersfoort,7763,,77,158,2021-01-02T10:00:00
NL,Limburg,Venlo,5289,,109,171,2021-01-02T10:00:00
NL,Noord-Brabant,'s-Hertogenbosch,7433,,129,183,2021-01-02T10:00:00
NL,Noord-Brabant,Oss,4464,,106,203,2021-01-02T10:00:00
NL,Gelderland,Nijmegen,7593,,134,211,2021-01-02T10:00:00
NL,Noord-Brabant,Breda,8757,,129,217,2021-01-02T10:00:00
NL,Flevoland,Almere,10907,,52,219,2021-01-02T10:00:00
NL,Noord-Holland,Zaanstad,8290,,127,227,2021-01-02T10:00:00
NL,Limburg,Maastricht,4889,,156,228,2021-01-02T10:00:00
NL,Noord-Brabant,Meierijstad,3833,,148,232,2021-01-02T10:00:00
NL,Noord-Brabant,Eindhoven,9820,,173,290,2021-01-02T10:00:00
NL,Noord-Brabant,Tilburg,11192,,245,341,2021-01-02T10:00:00
NL,Utrecht,Utrecht,18091,,188,489,2021-01-02T10:00:00
NL,Zuid-Holland,'s-Gravenhage,28813,,421,910,2021-01-02T10:00:00
NL,Zuid-Holland,Rotterdam,42355,,673,1251,2021-01-02T10:00:00
NL,Noord-Holland,Amsterdam,51814,,517,1354,2021-01-02T10:00:00
