country,nuts_2,lau,cases,population,deaths,hospitalized,datetime
NL,Friesland,Vlieland,21,,0,0,2020-12-26T10:00:00
NL,Friesland,Ameland,112,,0,0,2020-12-26T10:00:00
NL,Drenthe,,13,,0,0,2020-12-26T10:00:00
NL,Friesland,Terschelling,83,,1,1,2020-12-26T10:00:00
NL,Friesland,Schiermonnikoog,7,,0,1,2020-12-26T10:00:00
NL,Groningen,,21,,0,1,2020-12-26T10:00:00
NL,Friesland,,19,,0,1,2020-12-26T10:00:00
NL,Gelderland,Rozendaal,52,,0,1,2020-12-26T10:00:00
NL,Flevoland,,11,,0,1,2020-12-26T10:00:00
NL,Friesland,Achtkarspelen,557,,0,2,2020-12-26T10:00:00
NL,Groningen,Loppersum,178,,0,2,2020-12-26T10:00:00
NL,Drenthe,Aa en Hunze,511,,1,2,2020-12-26T10:00:00
NL,Zeeland,,7,,1,2,2020-12-26T10:00:00
NL,Zuid-Holland,Hardinxveld-Giessendam,1058,,8,2,2020-12-26T10:00:00
NL,Friesland,Dantumadiel,441,,0,3,2020-12-26T10:00:00
NL,Zeeland,Noord-Beveland,123,,1,3,2020-12-26T10:00:00
NL,Noord-Holland,Opmeer,423,,2,3,2020-12-26T10:00:00
NL,Groningen,Veendam,599,,2,4,2020-12-26T10:00:00
NL,Utrecht,Renswoude,293,,5,5,2020-12-26T10:00:00
NL,Noord-Holland,Beemster,311,,2,5,2020-12-26T10:00:00
NL,Zeeland,Kapelle,288,,2,5,2020-12-26T10:00:00
NL,Gelderland,Scherpenzeel,574,,6,5,2020-12-26T10:00:00
NL,Overijssel,,437,,3,5,2020-12-26T10:00:00
NL,Friesland,Harlingen,203,,2,5,2020-12-26T10:00:00
NL,Friesland,Weststellingwerf,549,,12,6,2020-12-26T10:00:00
NL,Zuid-Holland,Zoeterwoude,364,,1,6,2020-12-26T10:00:00
NL,Noord-Holland,Texel,234,,2,6,2020-12-26T10:00:00
NL,Utrecht,,91,,1,6,2020-12-26T10:00:00
NL,Limburg,,143,,3,7,2020-12-26T10:00:00
NL,Utrecht,Eemnes,395,,1,7,2020-12-26T10:00:00
NL,Noord-Holland,Drechterland,795,,9,7,2020-12-26T10:00:00
NL,Noord-Holland,Landsmeer,497,,4,7,2020-12-26T10:00:00
NL,Noord-Holland,Ouder-Amstel,720,,1,8,2020-12-26T10:00:00
NL,Noord-Holland,Uitgeest,644,,6,8,2020-12-26T10:00:00
NL,Noord-Holland,Blaricum,453,,4,8,2020-12-26T10:00:00
NL,Noord-Brabant,Waalre,721,,10,9,2020-12-26T10:00:00
NL,Zeeland,Borsele,473,,3,9,2020-12-26T10:00:00
NL,Friesland,Tytsjerksteradiel,512,,3,9,2020-12-26T10:00:00
NL,Groningen,Appingedam,274,,1,9,2020-12-26T10:00:00
NL,Limburg,Mook en Middelaar,324,,9,10,2020-12-26T10:00:00
NL,Friesland,Ooststellingwerf,476,,1,10,2020-12-26T10:00:00
NL,Zeeland,Veere,418,,2,10,2020-12-26T10:00:00
NL,Zeeland,Reimerswaal,721,,5,10,2020-12-26T10:00:00
NL,Zuid-Holland,Westvoorne,513,,3,10,2020-12-26T10:00:00
NL,Gelderland,,269,,2,10,2020-12-26T10:00:00
NL,Drenthe,Westerveld,342,,6,10,2020-12-26T10:00:00
NL,Overijssel,Ommen,505,,8,10,2020-12-26T10:00:00
NL,Groningen,Delfzijl,634,,2,11,2020-12-26T10:00:00
NL,Overijssel,Staphorst,900,,5,11,2020-12-26T10:00:00
NL,Groningen,Pekela,203,,2,11,2020-12-26T10:00:00
NL,Zuid-Holland,Hillegom,810,,2,11,2020-12-26T10:00:00
NL,Noord-Holland,Bloemendaal,734,,8,11,2020-12-26T10:00:00
NL,Overijssel,Wierden,1720,,17,11,2020-12-26T10:00:00
NL,Drenthe,Noordenveld,446,,16,11,2020-12-26T10:00:00
NL,Limburg,Bergen (L.),579,,5,12,2020-12-26T10:00:00
NL,Zuid-Holland,Sliedrecht,1498,,21,12,2020-12-26T10:00:00
NL,Noord-Holland,Weesp,1143,,16,12,2020-12-26T10:00:00
NL,Utrecht,Woudenberg,766,,5,12,2020-12-26T10:00:00
NL,Overijssel,Olst-Wijhe,491,,8,12,2020-12-26T10:00:00
NL,Noord-Brabant,Woensdrecht,823,,21,12,2020-12-26T10:00:00
NL,Noord-Holland,Laren,493,,9,12,2020-12-26T10:00:00
NL,Groningen,Stadskanaal,1143,,8,12,2020-12-26T10:00:00
NL,Noord-Brabant,Baarle-Nassau,259,,4,12,2020-12-26T10:00:00
NL,Drenthe,Borger-Odoorn,647,,10,12,2020-12-26T10:00:00
NL,Gelderland,Winterswijk,878,,8,13,2020-12-26T10:00:00
NL,Zuid-Holland,Midden-Delfland,983,,8,13,2020-12-26T10:00:00
NL,Gelderland,Putten,1156,,6,13,2020-12-26T10:00:00
NL,Zuid-Holland,Papendrecht,1581,,25,13,2020-12-26T10:00:00
NL,Noord-Holland,Koggenland,810,,12,13,2020-12-26T10:00:00
NL,Zuid-Holland,Voorschoten,932,,15,13,2020-12-26T10:00:00
NL,Limburg,Vaals,227,,5,13,2020-12-26T10:00:00
NL,Noord-Holland,Oostzaan,513,,3,13,2020-12-26T10:00:00
NL,Drenthe,Midden-Drenthe,742,,3,13,2020-12-26T10:00:00
NL,Drenthe,Tynaarlo,564,,13,13,2020-12-26T10:00:00
NL,Friesland,Opsterland,468,,1,14,2020-12-26T10:00:00
NL,Groningen,Westerwolde,736,,3,14,2020-12-26T10:00:00
NL,Drenthe,Meppel,866,,6,14,2020-12-26T10:00:00
NL,Gelderland,Doesburg,352,,8,14,2020-12-26T10:00:00
NL,Noord-Brabant,Mill en Sint Hubert,497,,7,14,2020-12-26T10:00:00
NL,Groningen,Oldambt,749,,11,14,2020-12-26T10:00:00
NL,Utrecht,Wijk bij Duurstede,843,,8,15,2020-12-26T10:00:00
NL,Noord-Holland,Zandvoort,622,,19,15,2020-12-26T10:00:00
NL,Groningen,Het Hogeland,1154,,8,15,2020-12-26T10:00:00
NL,Zuid-Holland,Hendrik-Ido-Ambacht,1663,,20,15,2020-12-26T10:00:00
NL,Noord-Holland,Heiloo,744,,10,15,2020-12-26T10:00:00
NL,Utrecht,Montfoort,684,,7,16,2020-12-26T10:00:00
NL,Friesland,Smallingerland,942,,13,16,2020-12-26T10:00:00
NL,Overijssel,Tubbergen,1417,,10,16,2020-12-26T10:00:00
NL,Utrecht,Bunnik,579,,11,16,2020-12-26T10:00:00
NL,Zuid-Holland,Kaag en Braassem,1104,,3,16,2020-12-26T10:00:00
NL,Zuid-Holland,Alblasserdam,1212,,15,16,2020-12-26T10:00:00
NL,Flevoland,Zeewolde,751,,9,16,2020-12-26T10:00:00
NL,Noord-Holland,Wijdemeren,890,,6,17,2020-12-26T10:00:00
NL,Friesland,Heerenveen,838,,24,17,2020-12-26T10:00:00
NL,Friesland,Noardeast-Fryslân,943,,9,17,2020-12-26T10:00:00
NL,Gelderland,Aalten,971,,13,17,2020-12-26T10:00:00
NL,Gelderland,Westervoort,573,,7,17,2020-12-26T10:00:00
NL,Zuid-Holland,Oegstgeest,1077,,17,17,2020-12-26T10:00:00
NL,Overijssel,Hellendoorn,1883,,21,17,2020-12-26T10:00:00
NL,Noord-Holland,Castricum,1274,,13,18,2020-12-26T10:00:00
NL,Overijssel,Dalfsen,999,,11,18,2020-12-26T10:00:00
NL,Noord-Brabant,Hilvarenbeek,783,,17,18,2020-12-26T10:00:00
NL,Noord-Holland,,398,,3,18,2020-12-26T10:00:00
NL,Drenthe,De Wolden,646,,7,18,2020-12-26T10:00:00
NL,Limburg,Voerendaal,360,,8,18,2020-12-26T10:00:00
NL,Gelderland,Hattem,360,,5,19,2020-12-26T10:00:00
NL,Limburg,Beek,592,,11,19,2020-12-26T10:00:00
NL,Overijssel,Steenwijkerland,1129,,11,19,2020-12-26T10:00:00
NL,Zeeland,Schouwen-Duiveland,770,,16,19,2020-12-26T10:00:00
NL,Noord-Brabant,Reusel-De Mierden,785,,6,19,2020-12-26T10:00:00
NL,Friesland,Waadhoeke,976,,22,19,2020-12-26T10:00:00
NL,Utrecht,Leusden,1162,,17,19,2020-12-26T10:00:00
NL,Noord-Holland,Aalsmeer,1387,,21,19,2020-12-26T10:00:00
NL,Zuid-Holland,Lisse,946,,8,20,2020-12-26T10:00:00
NL,Utrecht,Rhenen,1196,,9,20,2020-12-26T10:00:00
NL,Gelderland,Duiven,1024,,8,20,2020-12-26T10:00:00
NL,Noord-Brabant,Heeze-Leende,754,,13,20,2020-12-26T10:00:00
NL,Zeeland,Sluis,760,,10,20,2020-12-26T10:00:00
NL,Noord-Holland,Stede Broec,863,,6,20,2020-12-26T10:00:00
NL,Zuid-Holland,Wassenaar,993,,19,21,2020-12-26T10:00:00
NL,Noord-Brabant,Geertruidenberg,970,,19,21,2020-12-26T10:00:00
NL,Overijssel,Borne,1130,,12,21,2020-12-26T10:00:00
NL,Noord-Brabant,Oirschot,955,,20,21,2020-12-26T10:00:00
NL,Noord-Brabant,Alphen-Chaam,438,,5,21,2020-12-26T10:00:00
NL,Noord-Holland,Heemstede,961,,49,21,2020-12-26T10:00:00
NL,Noord-Brabant,Sint Anthonis,513,,11,21,2020-12-26T10:00:00
NL,Groningen,Westerkwartier,1074,,10,21,2020-12-26T10:00:00
NL,Zuid-Holland,Nieuwkoop,1318,,16,22,2020-12-26T10:00:00
NL,Groningen,Midden-Groningen,1209,,16,22,2020-12-26T10:00:00
NL,Limburg,Simpelveld,374,,5,22,2020-12-26T10:00:00
NL,Gelderland,Voorst,791,,12,22,2020-12-26T10:00:00
NL,Zeeland,Hulst,825,,11,22,2020-12-26T10:00:00
NL,Gelderland,Bronckhorst,1371,,12,22,2020-12-26T10:00:00
NL,Overijssel,Twenterand,1974,,9,22,2020-12-26T10:00:00
NL,Noord-Brabant,Steenbergen,974,,15,22,2020-12-26T10:00:00
NL,Noord-Brabant,Cuijk,1095,,17,22,2020-12-26T10:00:00
NL,Gelderland,Renkum,1041,,19,22,2020-12-26T10:00:00
NL,Zuid-Holland,Brielle,721,,5,23,2020-12-26T10:00:00
NL,Overijssel,Losser,1262,,13,23,2020-12-26T10:00:00
NL,Noord-Brabant,Bergeijk,1137,,6,23,2020-12-26T10:00:00
NL,Zuid-Holland,Gorinchem,1944,,26,23,2020-12-26T10:00:00
NL,Noord-Holland,Langedijk,1099,,7,23,2020-12-26T10:00:00
NL,Zeeland,Vlissingen,799,,7,23,2020-12-26T10:00:00
NL,Limburg,Gennep,860,,16,23,2020-12-26T10:00:00
NL,Noord-Brabant,Asten,693,,14,23,2020-12-26T10:00:00
NL,Overijssel,Dinkelland,1530,,18,24,2020-12-26T10:00:00
NL,Gelderland,West Maas en Waal,653,,15,24,2020-12-26T10:00:00
NL,Gelderland,Brummen,670,,7,24,2020-12-26T10:00:00
NL,Gelderland,Beuningen,961,,11,24,2020-12-26T10:00:00
NL,Noord-Brabant,"Nuenen, Gerwen en Nederwetten",883,,14,24,2020-12-26T10:00:00
NL,Gelderland,Heumen,706,,13,24,2020-12-26T10:00:00
NL,Noord-Brabant,,771,,6,24,2020-12-26T10:00:00
NL,Gelderland,Oost Gelre,1241,,28,24,2020-12-26T10:00:00
NL,Noord-Holland,Den Helder,1515,,8,24,2020-12-26T10:00:00
NL,Noord-Holland,Medemblik,1808,,10,24,2020-12-26T10:00:00
NL,Overijssel,Haaksbergen,1432,,23,24,2020-12-26T10:00:00
NL,Limburg,Beesel,472,,10,24,2020-12-26T10:00:00
NL,Noord-Holland,Enkhuizen,910,,5,24,2020-12-26T10:00:00
NL,Noord-Holland,Wormerland,674,,14,25,2020-12-26T10:00:00
NL,Noord-Brabant,Rucphen,1091,,12,25,2020-12-26T10:00:00
NL,Noord-Brabant,Haaren,685,,13,25,2020-12-26T10:00:00
NL,Noord-Holland,Beverwijk,1626,,17,25,2020-12-26T10:00:00
NL,Utrecht,Lopik,706,,9,25,2020-12-26T10:00:00
NL,Zuid-Holland,Molenlanden,2188,,19,25,2020-12-26T10:00:00
NL,Zuid-Holland,Krimpen aan den IJssel,1785,,38,26,2020-12-26T10:00:00
NL,Limburg,Valkenburg aan de Geul,585,,12,26,2020-12-26T10:00:00
NL,Flevoland,Noordoostpolder,1720,,21,26,2020-12-26T10:00:00
NL,Utrecht,Baarn,1046,,20,26,2020-12-26T10:00:00
NL,Gelderland,Lochem,1008,,24,26,2020-12-26T10:00:00
NL,Limburg,Meerssen,628,,17,26,2020-12-26T10:00:00
NL,Noord-Holland,Uithoorn,1177,,6,27,2020-12-26T10:00:00
NL,Noord-Holland,Bergen (NH.),1152,,28,27,2020-12-26T10:00:00
NL,Overijssel,Raalte,1678,,25,27,2020-12-26T10:00:00
NL,Gelderland,Zaltbommel,1654,,28,27,2020-12-26T10:00:00
NL,Limburg,Gulpen-Wittem,530,,16,27,2020-12-26T10:00:00
NL,Noord-Holland,Schagen,1675,,22,27,2020-12-26T10:00:00
NL,Overijssel,Hof van Twente,1576,,15,27,2020-12-26T10:00:00
NL,Zuid-Holland,Teylingen,1837,,7,27,2020-12-26T10:00:00
NL,Drenthe,Coevorden,974,,8,27,2020-12-26T10:00:00
NL,Noord-Brabant,Bladel,1377,,18,27,2020-12-26T10:00:00
NL,Noord-Holland,Waterland,818,,14,27,2020-12-26T10:00:00
NL,Gelderland,Maasdriel,1151,,22,28,2020-12-26T10:00:00
NL,Noord-Brabant,Boxmeer,1430,,35,28,2020-12-26T10:00:00
NL,Noord-Brabant,Grave,703,,23,28,2020-12-26T10:00:00
NL,Gelderland,Buren,1044,,13,29,2020-12-26T10:00:00
NL,Noord-Brabant,Valkenswaard,1566,,44,29,2020-12-26T10:00:00
NL,Gelderland,Oude IJsselstreek,1411,,25,29,2020-12-26T10:00:00
NL,Limburg,Maasgouw,798,,16,29,2020-12-26T10:00:00
NL,Limburg,Roerdalen,656,,12,29,2020-12-26T10:00:00
NL,Noord-Brabant,Gilze en Rijen,1235,,18,30,2020-12-26T10:00:00
NL,Drenthe,Assen,1425,,9,30,2020-12-26T10:00:00
NL,Zuid-Holland,Leiderdorp,1175,,14,30,2020-12-26T10:00:00
NL,Gelderland,Wageningen,1427,,29,30,2020-12-26T10:00:00
NL,Friesland,Súdwest-Fryslân,2787,,38,30,2020-12-26T10:00:00
NL,Gelderland,Montferland,1214,,12,30,2020-12-26T10:00:00
NL,Noord-Brabant,Moerdijk,1482,,24,30,2020-12-26T10:00:00
NL,Gelderland,Berkelland,1708,,34,30,2020-12-26T10:00:00
NL,Gelderland,Druten,742,,18,31,2020-12-26T10:00:00
NL,Zeeland,Middelburg,968,,15,31,2020-12-26T10:00:00
NL,Noord-Holland,Diemen,1736,,24,31,2020-12-26T10:00:00
NL,Friesland,De Fryske Marren,1095,,13,31,2020-12-26T10:00:00
NL,Noord-Brabant,Zundert,861,,13,31,2020-12-26T10:00:00
NL,Noord-Brabant,Oisterwijk,1185,,15,32,2020-12-26T10:00:00
NL,Utrecht,Oudewater,497,,12,32,2020-12-26T10:00:00
NL,Gelderland,Barneveld,3561,,23,32,2020-12-26T10:00:00
NL,Gelderland,Elburg,895,,11,32,2020-12-26T10:00:00
NL,Noord-Brabant,Drimmelen,1135,,21,33,2020-12-26T10:00:00
NL,Zuid-Holland,Albrandswaard,1593,,17,33,2020-12-26T10:00:00
NL,Gelderland,Ermelo,1229,,28,33,2020-12-26T10:00:00
NL,Zeeland,Goes,844,,15,33,2020-12-26T10:00:00
NL,Overijssel,Oldenzaal,1666,,33,34,2020-12-26T10:00:00
NL,Noord-Holland,Hollands Kroon,1367,,9,34,2020-12-26T10:00:00
NL,Zuid-Holland,Bodegraven-Reeuwijk,1794,,16,34,2020-12-26T10:00:00
NL,Noord-Brabant,Boxtel,1342,,43,35,2020-12-26T10:00:00
NL,Zuid-Holland,,1455,,12,35,2020-12-26T10:00:00
NL,Overijssel,Hardenberg,1982,,18,35,2020-12-26T10:00:00
NL,Noord-Brabant,Son en Breugel,630,,22,35,2020-12-26T10:00:00
NL,Zuid-Holland,Hellevoetsluis,1456,,15,35,2020-12-26T10:00:00
NL,Gelderland,Culemborg,1236,,12,35,2020-12-26T10:00:00
NL,Gelderland,Nijkerk,2074,,7,36,2020-12-26T10:00:00
NL,Overijssel,Rijssen-Holten,2214,,33,36,2020-12-26T10:00:00
NL,Noord-Holland,Heerhugowaard,2146,,13,36,2020-12-26T10:00:00
NL,Noord-Brabant,Goirle,1114,,24,36,2020-12-26T10:00:00
NL,Noord-Brabant,Boekel,451,,20,37,2020-12-26T10:00:00
NL,Noord-Brabant,Halderberge,1339,,17,37,2020-12-26T10:00:00
NL,Noord-Brabant,Someren,851,,10,37,2020-12-26T10:00:00
NL,Drenthe,Hoogeveen,1804,,18,37,2020-12-26T10:00:00
NL,Utrecht,Bunschoten,2184,,24,38,2020-12-26T10:00:00
NL,Limburg,Nederweert,945,,12,38,2020-12-26T10:00:00
NL,Noord-Brabant,Loon op Zand,1243,,30,39,2020-12-26T10:00:00
NL,Noord-Brabant,Dongen,1455,,22,39,2020-12-26T10:00:00
NL,Overijssel,Zwartewaterland,819,,24,39,2020-12-26T10:00:00
NL,Noord-Holland,Gooise Meren,2321,,22,39,2020-12-26T10:00:00
NL,Flevoland,Urk,1567,,11,40,2020-12-26T10:00:00
NL,Noord-Brabant,Eersel,1081,,19,40,2020-12-26T10:00:00
NL,Zuid-Holland,Zwijndrecht,2461,,56,40,2020-12-26T10:00:00
NL,Utrecht,De Bilt,1861,,42,41,2020-12-26T10:00:00
NL,Noord-Brabant,Best,1297,,17,41,2020-12-26T10:00:00
NL,Zuid-Holland,Pijnacker-Nootdorp,2794,,22,41,2020-12-26T10:00:00
NL,Noord-Holland,Huizen,2074,,28,41,2020-12-26T10:00:00
NL,Noord-Holland,Heemskerk,1645,,23,42,2020-12-26T10:00:00
NL,Noord-Brabant,Sint-Michielsgestel,1390,,27,42,2020-12-26T10:00:00
NL,Zeeland,Terneuzen,1776,,9,42,2020-12-26T10:00:00
NL,Gelderland,Zutphen,1391,,19,42,2020-12-26T10:00:00
NL,Gelderland,Oldebroek,871,,24,43,2020-12-26T10:00:00
NL,Gelderland,Rheden,1575,,28,43,2020-12-26T10:00:00
NL,Gelderland,Doetinchem,1974,,22,44,2020-12-26T10:00:00
NL,Utrecht,Houten,2081,,48,44,2020-12-26T10:00:00
NL,Noord-Brabant,Laarbeek,1079,,29,45,2020-12-26T10:00:00
NL,Noord-Brabant,Landerd,871,,22,45,2020-12-26T10:00:00
NL,Zuid-Holland,Waddinxveen,1409,,10,45,2020-12-26T10:00:00
NL,Zuid-Holland,Noordwijk,1829,,10,45,2020-12-26T10:00:00
NL,Zuid-Holland,Maassluis,1831,,20,45,2020-12-26T10:00:00
NL,Gelderland,Berg en Dal,1568,,36,45,2020-12-26T10:00:00
NL,Limburg,Echt-Susteren,934,,20,45,2020-12-26T10:00:00
NL,Limburg,Venray,2560,,26,48,2020-12-26T10:00:00
NL,Gelderland,Lingewaard,1863,,19,48,2020-12-26T10:00:00
NL,Utrecht,Utrechtse Heuvelrug,2141,,32,49,2020-12-26T10:00:00
NL,Flevoland,Dronten,1405,,17,50,2020-12-26T10:00:00
NL,Utrecht,Soest,2125,,36,50,2020-12-26T10:00:00
NL,Noord-Brabant,Veldhoven,2126,,28,50,2020-12-26T10:00:00
NL,Noord-Brabant,Geldrop-Mierlo,1770,,20,51,2020-12-26T10:00:00
NL,Zuid-Holland,Zuidplas,2186,,31,51,2020-12-26T10:00:00
NL,Zeeland,Tholen,1057,,22,51,2020-12-26T10:00:00
NL,Noord-Brabant,Vught,1436,,38,51,2020-12-26T10:00:00
NL,Groningen,Groningen,6000,,14,51,2020-12-26T10:00:00
NL,Gelderland,Neder-Betuwe,1335,,25,51,2020-12-26T10:00:00
NL,Limburg,Horst aan de Maas,2320,,44,51,2020-12-26T10:00:00
NL,Noord-Holland,Hilversum,3219,,52,52,2020-12-26T10:00:00
NL,Overijssel,Almelo,3889,,32,53,2020-12-26T10:00:00
NL,Overijssel,Hengelo,3712,,38,53,2020-12-26T10:00:00
NL,Gelderland,Heerde,560,,29,55,2020-12-26T10:00:00
NL,Utrecht,Zeist,2634,,35,55,2020-12-26T10:00:00
NL,Utrecht,IJsselstein,1465,,46,55,2020-12-26T10:00:00
NL,Friesland,Leeuwarden,2698,,18,55,2020-12-26T10:00:00
NL,Limburg,Stein,864,,16,55,2020-12-26T10:00:00
NL,Noord-Holland,Hoorn,2823,,20,55,2020-12-26T10:00:00
NL,Gelderland,Harderwijk,1831,,26,58,2020-12-26T10:00:00
NL,Noord-Brabant,Altena,3449,,57,59,2020-12-26T10:00:00
NL,Gelderland,Epe,1103,,27,59,2020-12-26T10:00:00
NL,Limburg,Brunssum,990,,25,59,2020-12-26T10:00:00
NL,Limburg,Landgraaf,1182,,28,59,2020-12-26T10:00:00
NL,Noord-Holland,Edam-Volendam,1631,,8,60,2020-12-26T10:00:00
NL,Noord-Brabant,Waalwijk,2541,,61,60,2020-12-26T10:00:00
NL,Limburg,Beekdaelen,1226,,30,60,2020-12-26T10:00:00
NL,Limburg,Leudal,1536,,42,61,2020-12-26T10:00:00
NL,Noord-Brabant,Etten-Leur,1999,,31,61,2020-12-26T10:00:00
NL,Limburg,Eijsden-Margraten,1016,,32,62,2020-12-26T10:00:00
NL,Noord-Brabant,Oosterhout,2629,,32,62,2020-12-26T10:00:00
NL,Gelderland,Wijchen,1785,,32,62,2020-12-26T10:00:00
NL,Zuid-Holland,Ridderkerk,2508,,57,62,2020-12-26T10:00:00
NL,Gelderland,Overbetuwe,1541,,21,63,2020-12-26T10:00:00
NL,Drenthe,Emmen,3393,,34,63,2020-12-26T10:00:00
NL,Gelderland,Zevenaar,1272,,23,63,2020-12-26T10:00:00
NL,Utrecht,Vijfheerenlanden,2825,,55,64,2020-12-26T10:00:00
NL,Overijssel,Deventer,3972,,59,65,2020-12-26T10:00:00
NL,Noord-Brabant,Roosendaal,3781,,55,65,2020-12-26T10:00:00
NL,Overijssel,Zwolle,3492,,68,65,2020-12-26T10:00:00
NL,Noord-Brabant,Deurne,1476,,35,66,2020-12-26T10:00:00
NL,Noord-Holland,Velsen,2934,,64,66,2020-12-26T10:00:00
NL,Gelderland,Tiel,1879,,39,66,2020-12-26T10:00:00
NL,Zuid-Holland,Lansingerland,3271,,53,67,2020-12-26T10:00:00
NL,Zuid-Holland,Katwijk,3816,,33,67,2020-12-26T10:00:00
NL,Noord-Brabant,Bergen op Zoom,3504,,32,68,2020-12-26T10:00:00
NL,Noord-Brabant,Cranendonck,1162,,42,68,2020-12-26T10:00:00
NL,Overijssel,Kampen,1673,,41,68,2020-12-26T10:00:00
NL,Limburg,Roermond,2091,,29,68,2020-12-26T10:00:00
NL,Noord-Brabant,Heusden,2113,,41,68,2020-12-26T10:00:00
NL,Gelderland,Nunspeet,1039,,25,69,2020-12-26T10:00:00
NL,Zuid-Holland,Delft,4813,,53,72,2020-12-26T10:00:00
NL,Gelderland,West Betuwe,2486,,42,73,2020-12-26T10:00:00
NL,Zuid-Holland,Barendrecht,2635,,34,73,2020-12-26T10:00:00
NL,Utrecht,Stichtse Vecht,2788,,40,73,2020-12-26T10:00:00
NL,Utrecht,Nieuwegein,2376,,18,75,2020-12-26T10:00:00
NL,Utrecht,De Ronde Venen,1929,,28,75,2020-12-26T10:00:00
NL,Utrecht,Woerden,2380,,26,79,2020-12-26T10:00:00
NL,Zuid-Holland,Goeree-Overflakkee,2153,,57,80,2020-12-26T10:00:00
NL,Zuid-Holland,Leidschendam-Voorburg,3329,,55,81,2020-12-26T10:00:00
NL,Zuid-Holland,Krimpenerwaard,2716,,54,82,2020-12-26T10:00:00
NL,Noord-Brabant,Gemert-Bakel,1208,,34,84,2020-12-26T10:00:00
NL,Utrecht,Veenendaal,4394,,40,84,2020-12-26T10:00:00
NL,Zuid-Holland,Rijswijk,2565,,64,86,2020-12-26T10:00:00
NL,Limburg,Kerkrade,1271,,44,87,2020-12-26T10:00:00
NL,Noord-Holland,Alkmaar,3940,,47,88,2020-12-26T10:00:00
NL,Limburg,Weert,2977,,38,89,2020-12-26T10:00:00
NL,Zuid-Holland,Leiden,5371,,41,89,2020-12-26T10:00:00
NL,Zuid-Holland,Hoeksche Waard,3580,,36,92,2020-12-26T10:00:00
NL,Noord-Holland,Amstelveen,3807,,78,93,2020-12-26T10:00:00
NL,Zuid-Holland,Zoetermeer,5894,,31,97,2020-12-26T10:00:00
NL,Flevoland,Lelystad,2854,,46,101,2020-12-26T10:00:00
NL,Zuid-Holland,Capelle aan den IJssel,3628,,98,101,2020-12-26T10:00:00
NL,Gelderland,Ede,5642,,55,101,2020-12-26T10:00:00
NL,Noord-Brabant,Bernheze,1518,,68,102,2020-12-26T10:00:00
NL,Noord-Holland,Purmerend,2839,,50,103,2020-12-26T10:00:00
NL,Zuid-Holland,Vlaardingen,4470,,59,104,2020-12-26T10:00:00
NL,Zuid-Holland,Nissewaard,4204,,57,105,2020-12-26T10:00:00
NL,Zuid-Holland,Gouda,3942,,102,116,2020-12-26T10:00:00
NL,Zuid-Holland,Westland,6442,,66,119,2020-12-26T10:00:00
NL,Zuid-Holland,Dordrecht,6652,,108,120,2020-12-26T10:00:00
NL,Noord-Brabant,Uden,1603,,70,121,2020-12-26T10:00:00
NL,Zuid-Holland,Alphen aan den Rijn,5759,,66,123,2020-12-26T10:00:00
NL,Overijssel,Enschede,6913,,87,124,2020-12-26T10:00:00
NL,Noord-Holland,Haarlemmermeer,6714,,74,125,2020-12-26T10:00:00
NL,Gelderland,Arnhem,6269,,81,128,2020-12-26T10:00:00
NL,Gelderland,Apeldoorn,5355,,76,144,2020-12-26T10:00:00
NL,Noord-Holland,Haarlem,6156,,111,146,2020-12-26T10:00:00
NL,Limburg,Heerlen,2753,,66,147,2020-12-26T10:00:00
NL,Limburg,Sittard-Geleen,3003,,78,148,2020-12-26T10:00:00
NL,Zuid-Holland,Schiedam,4891,,49,149,2020-12-26T10:00:00
NL,Limburg,Peel en Maas,1852,,67,149,2020-12-26T10:00:00
NL,Utrecht,Amersfoort,7193,,72,151,2020-12-26T10:00:00
NL,Noord-Brabant,Helmond,4331,,54,151,2020-12-26T10:00:00
NL,Limburg,Venlo,4844,,104,168,2020-12-26T10:00:00
NL,Noord-Brabant,'s-Hertogenbosch,6950,,122,183,2020-12-26T10:00:00
NL,Noord-Brabant,Oss,4223,,106,201,2020-12-26T10:00:00
NL,Gelderland,Nijmegen,6982,,126,207,2020-12-26T10:00:00
NL,Flevoland,Almere,9870,,52,210,2020-12-26T10:00:00
NL,Noord-Brabant,Breda,8331,,120,216,2020-12-26T10:00:00
NL,Noord-Holland,Zaanstad,7811,,115,220,2020-12-26T10:00:00
NL,Limburg,Maastricht,4549,,149,224,2020-12-26T10:00:00
NL,Noord-Brabant,Meierijstad,3529,,145,229,2020-12-26T10:00:00
NL,Noord-Brabant,Eindhoven,9201,,163,281,2020-12-26T10:00:00
NL,Noord-Brabant,Tilburg,10542,,235,336,2020-12-26T10:00:00
NL,Utrecht,Utrecht,17317,,183,480,2020-12-26T10:00:00
NL,Zuid-Holland,'s-Gravenhage,27566,,403,875,2020-12-26T10:00:00
NL,Zuid-Holland,Rotterdam,40940,,658,1227,2020-12-26T10:00:00
NL,Noord-Holland,Amsterdam,49572,,483,1309,2020-12-26T10:00:00
