country,nuts_2,lau,cases,population,deaths,hospitalized,datetime
NL,Drenthe,,3,,0,0,2020-09-27T10:00:00
NL,Friesland,Vlieland,1,,0,0,2020-09-27T10:00:00
NL,Friesland,Terschelling,5,,0,0,2020-09-27T10:00:00
NL,Groningen,Loppersum,8,,0,0,2020-09-27T10:00:00
NL,Friesland,Schiermonnikoog,0,,0,0,2020-09-27T10:00:00
NL,Friesland,Achtkarspelen,31,,0,0,2020-09-27T10:00:00
NL,Friesland,Ameland,0,,0,0,2020-09-27T10:00:00
NL,Groningen,,11,,0,1,2020-09-27T10:00:00
NL,Noord-Holland,Opmeer,28,,1,1,2020-09-27T10:00:00
NL,Friesland,,5,,0,1,2020-09-27T10:00:00
NL,Drenthe,Aa en Hunze,37,,0,1,2020-09-27T10:00:00
NL,Gelderland,Rozendaal,5,,0,1,2020-09-27T10:00:00
NL,Overijssel,,16,,1,1,2020-09-27T10:00:00
NL,Flevoland,,4,,0,1,2020-09-27T10:00:00
NL,Zeeland,Noord-Beveland,20,,0,1,2020-09-27T10:00:00
NL,Groningen,Veendam,45,,1,2,2020-09-27T10:00:00
NL,Groningen,Stadskanaal,46,,2,2,2020-09-27T10:00:00
NL,Zuid-Holland,Hardinxveld-Giessendam,70,,2,2,2020-09-27T10:00:00
NL,Utrecht,Eemnes,39,,1,2,2020-09-27T10:00:00
NL,Zeeland,,5,,1,2,2020-09-27T10:00:00
NL,Friesland,Dantumadiel,42,,0,2,2020-09-27T10:00:00
NL,Zuid-Holland,Zoeterwoude,31,,1,3,2020-09-27T10:00:00
NL,Zeeland,Kapelle,35,,1,3,2020-09-27T10:00:00
NL,Noord-Holland,Landsmeer,79,,3,3,2020-09-27T10:00:00
NL,Groningen,Appingedam,17,,0,3,2020-09-27T10:00:00
NL,Friesland,Ooststellingwerf,14,,0,3,2020-09-27T10:00:00
NL,Friesland,Weststellingwerf,46,,4,3,2020-09-27T10:00:00
NL,Friesland,Harlingen,26,,1,4,2020-09-27T10:00:00
NL,Gelderland,Scherpenzeel,42,,2,4,2020-09-27T10:00:00
NL,Noord-Holland,Beemster,43,,1,4,2020-09-27T10:00:00
NL,Friesland,Tytsjerksteradiel,45,,1,4,2020-09-27T10:00:00
NL,Drenthe,Noordenveld,65,,4,4,2020-09-27T10:00:00
NL,Drenthe,Borger-Odoorn,22,,3,4,2020-09-27T10:00:00
NL,Groningen,Pekela,8,,0,4,2020-09-27T10:00:00
NL,Utrecht,Renswoude,26,,5,5,2020-09-27T10:00:00
NL,Zeeland,Reimerswaal,60,,2,5,2020-09-27T10:00:00
NL,Noord-Holland,Ouder-Amstel,143,,0,5,2020-09-27T10:00:00
NL,Zeeland,Borsele,50,,1,5,2020-09-27T10:00:00
NL,Utrecht,,66,,0,5,2020-09-27T10:00:00
NL,Zuid-Holland,Midden-Delfland,100,,0,5,2020-09-27T10:00:00
NL,Noord-Holland,Drechterland,77,,8,5,2020-09-27T10:00:00
NL,Noord-Holland,Uitgeest,52,,1,5,2020-09-27T10:00:00
NL,Noord-Holland,Texel,34,,2,5,2020-09-27T10:00:00
NL,Groningen,Westerwolde,33,,0,5,2020-09-27T10:00:00
NL,Drenthe,Midden-Drenthe,40,,0,6,2020-09-27T10:00:00
NL,Zeeland,Veere,59,,2,6,2020-09-27T10:00:00
NL,Noord-Brabant,Woensdrecht,109,,7,6,2020-09-27T10:00:00
NL,Limburg,Mook en Middelaar,62,,5,6,2020-09-27T10:00:00
NL,Friesland,Noardeast-Fryslân,101,,4,6,2020-09-27T10:00:00
NL,Zuid-Holland,Westvoorne,63,,0,6,2020-09-27T10:00:00
NL,Limburg,,30,,3,6,2020-09-27T10:00:00
NL,Groningen,Delfzijl,67,,0,6,2020-09-27T10:00:00
NL,Friesland,Opsterland,38,,0,7,2020-09-27T10:00:00
NL,Limburg,Bergen (L.),42,,2,7,2020-09-27T10:00:00
NL,Groningen,Oldambt,41,,3,7,2020-09-27T10:00:00
NL,Noord-Holland,Bloemendaal,140,,5,7,2020-09-27T10:00:00
NL,Zuid-Holland,Kaag en Braassem,86,,3,7,2020-09-27T10:00:00
NL,Groningen,Het Hogeland,94,,3,7,2020-09-27T10:00:00
NL,Noord-Holland,Koggenland,103,,6,7,2020-09-27T10:00:00
NL,Gelderland,Winterswijk,79,,3,7,2020-09-27T10:00:00
NL,Groningen,Midden-Groningen,88,,4,7,2020-09-27T10:00:00
NL,Noord-Brabant,Waalre,75,,5,7,2020-09-27T10:00:00
NL,Overijssel,Wierden,87,,6,7,2020-09-27T10:00:00
NL,Noord-Holland,Laren,62,,2,8,2020-09-27T10:00:00
NL,Noord-Holland,Blaricum,68,,2,8,2020-09-27T10:00:00
NL,Overijssel,Hellendoorn,105,,12,8,2020-09-27T10:00:00
NL,Overijssel,Staphorst,73,,4,8,2020-09-27T10:00:00
NL,Zuid-Holland,Bodegraven-Reeuwijk,216,,6,8,2020-09-27T10:00:00
NL,Zuid-Holland,Hillegom,136,,2,8,2020-09-27T10:00:00
NL,Zuid-Holland,Lisse,78,,2,8,2020-09-27T10:00:00
NL,Noord-Holland,Wijdemeren,105,,0,8,2020-09-27T10:00:00
NL,Zuid-Holland,Oegstgeest,121,,3,8,2020-09-27T10:00:00
NL,Gelderland,,167,,2,9,2020-09-27T10:00:00
NL,Utrecht,Woudenberg,52,,2,9,2020-09-27T10:00:00
NL,Drenthe,Tynaarlo,68,,0,9,2020-09-27T10:00:00
NL,Gelderland,Doesburg,50,,6,9,2020-09-27T10:00:00
NL,Friesland,Smallingerland,87,,5,9,2020-09-27T10:00:00
NL,Gelderland,Aalten,99,,7,9,2020-09-27T10:00:00
NL,Zeeland,Sluis,32,,4,9,2020-09-27T10:00:00
NL,Utrecht,Leusden,134,,8,9,2020-09-27T10:00:00
NL,Noord-Brabant,Mill en Sint Hubert,59,,5,9,2020-09-27T10:00:00
NL,Overijssel,Ommen,92,,4,9,2020-09-27T10:00:00
NL,Zuid-Holland,Voorschoten,138,,11,9,2020-09-27T10:00:00
NL,Drenthe,Westerveld,44,,4,9,2020-09-27T10:00:00
NL,Noord-Holland,Aalsmeer,139,,4,9,2020-09-27T10:00:00
NL,Noord-Brabant,Baarle-Nassau,38,,2,9,2020-09-27T10:00:00
NL,Zeeland,Vlissingen,127,,5,9,2020-09-27T10:00:00
NL,Noord-Holland,Weesp,202,,13,9,2020-09-27T10:00:00
NL,Zuid-Holland,Nieuwkoop,97,,5,9,2020-09-27T10:00:00
NL,Zuid-Holland,Papendrecht,148,,8,9,2020-09-27T10:00:00
NL,Zeeland,Hulst,64,,5,9,2020-09-27T10:00:00
NL,Zuid-Holland,Sliedrecht,118,,5,9,2020-09-27T10:00:00
NL,Overijssel,Losser,58,,0,9,2020-09-27T10:00:00
NL,Limburg,Vaals,35,,2,10,2020-09-27T10:00:00
NL,Utrecht,Wijk bij Duurstede,77,,1,10,2020-09-27T10:00:00
NL,Gelderland,Putten,86,,0,10,2020-09-27T10:00:00
NL,Zuid-Holland,Wassenaar,147,,12,10,2020-09-27T10:00:00
NL,Noord-Holland,Oostzaan,58,,2,10,2020-09-27T10:00:00
NL,Utrecht,Bunschoten,123,,7,10,2020-09-27T10:00:00
NL,Utrecht,Bunnik,83,,1,10,2020-09-27T10:00:00
NL,Noord-Brabant,Hilvarenbeek,103,,6,10,2020-09-27T10:00:00
NL,Noord-Brabant,Rucphen,92,,10,10,2020-09-27T10:00:00
NL,Noord-Holland,Zandvoort,100,,9,10,2020-09-27T10:00:00
NL,Zuid-Holland,Alblasserdam,121,,5,11,2020-09-27T10:00:00
NL,Noord-Holland,Heiloo,74,,8,11,2020-09-27T10:00:00
NL,Zuid-Holland,Krimpen aan den IJssel,172,,8,11,2020-09-27T10:00:00
NL,Noord-Brabant,Reusel-De Mierden,87,,2,11,2020-09-27T10:00:00
NL,Utrecht,Rhenen,69,,6,11,2020-09-27T10:00:00
NL,Drenthe,De Wolden,63,,5,11,2020-09-27T10:00:00
NL,Zeeland,Schouwen-Duiveland,138,,9,11,2020-09-27T10:00:00
NL,Drenthe,Meppel,78,,5,11,2020-09-27T10:00:00
NL,Zeeland,Goes,215,,13,12,2020-09-27T10:00:00
NL,Overijssel,Olst-Wijhe,67,,8,12,2020-09-27T10:00:00
NL,Noord-Brabant,Cuijk,126,,10,12,2020-09-27T10:00:00
NL,Gelderland,Westervoort,58,,6,12,2020-09-27T10:00:00
NL,Zuid-Holland,Brielle,75,,0,12,2020-09-27T10:00:00
NL,Noord-Holland,Heemstede,194,,33,12,2020-09-27T10:00:00
NL,Utrecht,Baarn,107,,9,12,2020-09-27T10:00:00
NL,Noord-Brabant,Geertruidenberg,82,,6,12,2020-09-27T10:00:00
NL,Overijssel,Tubbergen,113,,5,12,2020-09-27T10:00:00
NL,Overijssel,Twenterand,69,,2,12,2020-09-27T10:00:00
NL,Zuid-Holland,Hendrik-Ido-Ambacht,211,,6,12,2020-09-27T10:00:00
NL,Drenthe,Assen,118,,2,12,2020-09-27T10:00:00
NL,Flevoland,Zeewolde,97,,6,12,2020-09-27T10:00:00
NL,Noord-Brabant,Steenbergen,129,,13,13,2020-09-27T10:00:00
NL,Noord-Brabant,Oirschot,112,,9,13,2020-09-27T10:00:00
NL,Friesland,Waadhoeke,133,,15,13,2020-09-27T10:00:00
NL,Drenthe,Coevorden,84,,2,13,2020-09-27T10:00:00
NL,Zuid-Holland,,278,,6,13,2020-09-27T10:00:00
NL,Noord-Holland,Den Helder,85,,2,13,2020-09-27T10:00:00
NL,Friesland,Heerenveen,139,,21,13,2020-09-27T10:00:00
NL,Overijssel,Steenwijkerland,134,,7,14,2020-09-27T10:00:00
NL,Zuid-Holland,Albrandswaard,216,,8,14,2020-09-27T10:00:00
NL,Overijssel,Oldenzaal,118,,7,14,2020-09-27T10:00:00
NL,Noord-Holland,,133,,2,14,2020-09-27T10:00:00
NL,Overijssel,Borne,68,,6,14,2020-09-27T10:00:00
NL,Gelderland,Renkum,141,,7,14,2020-09-27T10:00:00
NL,Gelderland,Duiven,90,,6,14,2020-09-27T10:00:00
NL,Zuid-Holland,Leiderdorp,96,,6,14,2020-09-27T10:00:00
NL,Utrecht,Montfoort,100,,6,14,2020-09-27T10:00:00
NL,Groningen,Westerkwartier,92,,4,14,2020-09-27T10:00:00
NL,Gelderland,Berkelland,146,,7,14,2020-09-27T10:00:00
NL,Overijssel,Hof van Twente,85,,5,15,2020-09-27T10:00:00
NL,Noord-Brabant,Moerdijk,147,,8,15,2020-09-27T10:00:00
NL,Noord-Holland,Beverwijk,207,,12,15,2020-09-27T10:00:00
NL,Noord-Brabant,Halderberge,146,,8,15,2020-09-27T10:00:00
NL,Gelderland,Maasdriel,88,,7,15,2020-09-27T10:00:00
NL,Noord-Holland,Castricum,124,,9,15,2020-09-27T10:00:00
NL,Zuid-Holland,Teylingen,200,,2,15,2020-09-27T10:00:00
NL,Overijssel,Haaksbergen,172,,7,15,2020-09-27T10:00:00
NL,Zuid-Holland,Hellevoetsluis,212,,5,16,2020-09-27T10:00:00
NL,Overijssel,Dalfsen,113,,7,16,2020-09-27T10:00:00
NL,Gelderland,Lochem,136,,15,16,2020-09-27T10:00:00
NL,Noord-Holland,Langedijk,107,,4,16,2020-09-27T10:00:00
NL,Noord-Brabant,Heeze-Leende,83,,8,16,2020-09-27T10:00:00
NL,Noord-Holland,Waterland,95,,4,16,2020-09-27T10:00:00
NL,Noord-Brabant,,237,,3,16,2020-09-27T10:00:00
NL,Gelderland,Bronckhorst,114,,7,17,2020-09-27T10:00:00
NL,Friesland,De Fryske Marren,136,,6,17,2020-09-27T10:00:00
NL,Limburg,Gennep,98,,10,17,2020-09-27T10:00:00
NL,Limburg,Beek,54,,6,17,2020-09-27T10:00:00
NL,Flevoland,Noordoostpolder,119,,10,17,2020-09-27T10:00:00
NL,Limburg,Voerendaal,57,,8,17,2020-09-27T10:00:00
NL,Gelderland,Buren,80,,8,17,2020-09-27T10:00:00
NL,Noord-Holland,Uithoorn,175,,2,17,2020-09-27T10:00:00
NL,Gelderland,Voorst,117,,11,17,2020-09-27T10:00:00
NL,Zuid-Holland,Waddinxveen,223,,7,18,2020-09-27T10:00:00
NL,Noord-Brabant,Asten,95,,12,18,2020-09-27T10:00:00
NL,Gelderland,Brummen,71,,6,18,2020-09-27T10:00:00
NL,Noord-Holland,Schagen,140,,10,18,2020-09-27T10:00:00
NL,Noord-Brabant,Haaren,79,,8,18,2020-09-27T10:00:00
NL,Noord-Holland,Enkhuizen,45,,4,18,2020-09-27T10:00:00
NL,Noord-Brabant,"Nuenen, Gerwen en Nederwetten",116,,9,18,2020-09-27T10:00:00
NL,Noord-Holland,Diemen,371,,14,18,2020-09-27T10:00:00
NL,Noord-Holland,Bergen (NH.),172,,4,18,2020-09-27T10:00:00
NL,Groningen,Groningen,1007,,3,18,2020-09-27T10:00:00
NL,Gelderland,Oost Gelre,132,,6,18,2020-09-27T10:00:00
NL,Gelderland,Barneveld,217,,8,18,2020-09-27T10:00:00
NL,Gelderland,Heumen,121,,9,18,2020-09-27T10:00:00
NL,Gelderland,Hattem,62,,5,18,2020-09-27T10:00:00
NL,Noord-Brabant,Alphen-Chaam,78,,5,18,2020-09-27T10:00:00
NL,Noord-Holland,Stede Broec,71,,5,18,2020-09-27T10:00:00
NL,Zeeland,Middelburg,170,,10,19,2020-09-27T10:00:00
NL,Limburg,Simpelveld,54,,5,19,2020-09-27T10:00:00
NL,Noord-Brabant,Valkenswaard,241,,37,19,2020-09-27T10:00:00
NL,Gelderland,Beuningen,147,,5,19,2020-09-27T10:00:00
NL,Noord-Brabant,Drimmelen,123,,8,19,2020-09-27T10:00:00
NL,Noord-Brabant,Bergeijk,164,,5,19,2020-09-27T10:00:00
NL,Limburg,Valkenburg aan de Geul,96,,7,19,2020-09-27T10:00:00
NL,Noord-Holland,Medemblik,112,,6,19,2020-09-27T10:00:00
NL,Friesland,Súdwest-Fryslân,178,,6,19,2020-09-27T10:00:00
NL,Zuid-Holland,Gorinchem,305,,16,19,2020-09-27T10:00:00
NL,Noord-Holland,Wormerland,71,,6,20,2020-09-27T10:00:00
NL,Overijssel,Dinkelland,102,,10,20,2020-09-27T10:00:00
NL,Noord-Brabant,Sint Anthonis,83,,11,20,2020-09-27T10:00:00
NL,Noord-Brabant,Gilze en Rijen,148,,15,20,2020-09-27T10:00:00
NL,Gelderland,Wageningen,204,,9,20,2020-09-27T10:00:00
NL,Noord-Brabant,Dongen,126,,13,20,2020-09-27T10:00:00
NL,Limburg,Beesel,54,,8,20,2020-09-27T10:00:00
NL,Zuid-Holland,Noordwijk,181,,3,20,2020-09-27T10:00:00
NL,Noord-Brabant,Boxmeer,171,,27,20,2020-09-27T10:00:00
NL,Utrecht,Lopik,120,,8,20,2020-09-27T10:00:00
NL,Zuid-Holland,Molenlanden,194,,9,20,2020-09-27T10:00:00
NL,Drenthe,Hoogeveen,128,,8,20,2020-09-27T10:00:00
NL,Gelderland,Oude IJsselstreek,143,,9,21,2020-09-27T10:00:00
NL,Noord-Brabant,Bladel,155,,8,21,2020-09-27T10:00:00
NL,Gelderland,Zaltbommel,151,,9,21,2020-09-27T10:00:00
NL,Gelderland,West Maas en Waal,103,,9,21,2020-09-27T10:00:00
NL,Limburg,Gulpen-Wittem,95,,14,21,2020-09-27T10:00:00
NL,Drenthe,Emmen,283,,12,21,2020-09-27T10:00:00
NL,Noord-Brabant,Grave,94,,11,21,2020-09-27T10:00:00
NL,Gelderland,Nijkerk,180,,3,22,2020-09-27T10:00:00
NL,Limburg,Meerssen,139,,13,22,2020-09-27T10:00:00
NL,Gelderland,Montferland,136,,9,22,2020-09-27T10:00:00
NL,Zuid-Holland,Maassluis,255,,9,23,2020-09-27T10:00:00
NL,Overijssel,Hardenberg,204,,10,23,2020-09-27T10:00:00
NL,Flevoland,Urk,90,,4,23,2020-09-27T10:00:00
NL,Noord-Holland,Huizen,306,,10,23,2020-09-27T10:00:00
NL,Utrecht,Soest,229,,13,24,2020-09-27T10:00:00
NL,Noord-Brabant,Oisterwijk,125,,11,24,2020-09-27T10:00:00
NL,Noord-Brabant,Zundert,141,,11,24,2020-09-27T10:00:00
NL,Noord-Brabant,Boxtel,172,,26,24,2020-09-27T10:00:00
NL,Overijssel,Raalte,208,,21,24,2020-09-27T10:00:00
NL,Overijssel,Hengelo,270,,19,24,2020-09-27T10:00:00
NL,Overijssel,Almelo,193,,10,25,2020-09-27T10:00:00
NL,Noord-Holland,Gooise Meren,323,,14,25,2020-09-27T10:00:00
NL,Zeeland,Terneuzen,166,,4,25,2020-09-27T10:00:00
NL,Gelderland,Druten,136,,8,25,2020-09-27T10:00:00
NL,Gelderland,Culemborg,178,,8,25,2020-09-27T10:00:00
NL,Noord-Holland,Hollands Kroon,104,,6,26,2020-09-27T10:00:00
NL,Utrecht,Oudewater,83,,9,26,2020-09-27T10:00:00
NL,Utrecht,Houten,260,,15,26,2020-09-27T10:00:00
NL,Noord-Holland,Edam-Volendam,247,,3,26,2020-09-27T10:00:00
NL,Zuid-Holland,Zuidplas,418,,21,26,2020-09-27T10:00:00
NL,Noord-Brabant,Loon op Zand,110,,7,27,2020-09-27T10:00:00
NL,Limburg,Roerdalen,66,,8,27,2020-09-27T10:00:00
NL,Noord-Brabant,Bergen op Zoom,545,,13,27,2020-09-27T10:00:00
NL,Zuid-Holland,Zwijndrecht,352,,27,27,2020-09-27T10:00:00
NL,Gelderland,Doetinchem,209,,15,27,2020-09-27T10:00:00
NL,Noord-Holland,Heerhugowaard,282,,9,27,2020-09-27T10:00:00
NL,Noord-Brabant,Eersel,157,,10,27,2020-09-27T10:00:00
NL,Limburg,Maasgouw,128,,15,28,2020-09-27T10:00:00
NL,Gelderland,Elburg,176,,8,28,2020-09-27T10:00:00
NL,Utrecht,Utrechtse Heuvelrug,233,,14,29,2020-09-27T10:00:00
NL,Overijssel,Rijssen-Holten,237,,24,29,2020-09-27T10:00:00
NL,Utrecht,De Bilt,281,,24,29,2020-09-27T10:00:00
NL,Flevoland,Dronten,148,,12,30,2020-09-27T10:00:00
NL,Zuid-Holland,Pijnacker-Nootdorp,403,,17,30,2020-09-27T10:00:00
NL,Zuid-Holland,Leidschendam-Voorburg,521,,21,30,2020-09-27T10:00:00
NL,Noord-Brabant,Son en Breugel,95,,14,31,2020-09-27T10:00:00
NL,Gelderland,Berg en Dal,258,,19,31,2020-09-27T10:00:00
NL,Noord-Holland,Heemskerk,160,,10,31,2020-09-27T10:00:00
NL,Noord-Brabant,Veldhoven,238,,16,31,2020-09-27T10:00:00
NL,Noord-Brabant,Best,144,,10,31,2020-09-27T10:00:00
NL,Gelderland,Zutphen,155,,13,31,2020-09-27T10:00:00
NL,Limburg,Nederweert,65,,7,31,2020-09-27T10:00:00
NL,Noord-Brabant,Roosendaal,458,,22,32,2020-09-27T10:00:00
NL,Zuid-Holland,Katwijk,393,,15,32,2020-09-27T10:00:00
NL,Noord-Brabant,Goirle,173,,18,32,2020-09-27T10:00:00
NL,Noord-Brabant,Altena,214,,11,32,2020-09-27T10:00:00
NL,Noord-Brabant,Someren,120,,8,33,2020-09-27T10:00:00
NL,Gelderland,Ermelo,207,,23,33,2020-09-27T10:00:00
NL,Noord-Holland,Velsen,479,,42,33,2020-09-27T10:00:00
NL,Gelderland,Lingewaard,223,,10,33,2020-09-27T10:00:00
NL,Noord-Brabant,Geldrop-Mierlo,167,,16,33,2020-09-27T10:00:00
NL,Gelderland,Rheden,197,,14,34,2020-09-27T10:00:00
NL,Noord-Brabant,Boekel,99,,20,34,2020-09-27T10:00:00
NL,Overijssel,Zwartewaterland,177,,21,35,2020-09-27T10:00:00
NL,Noord-Holland,Hoorn,278,,12,36,2020-09-27T10:00:00
NL,Noord-Holland,Hilversum,547,,24,36,2020-09-27T10:00:00
NL,Friesland,Leeuwarden,334,,6,36,2020-09-27T10:00:00
NL,Utrecht,IJsselstein,237,,35,36,2020-09-27T10:00:00
NL,Noord-Brabant,Sint-Michielsgestel,215,,19,36,2020-09-27T10:00:00
NL,Utrecht,Vijfheerenlanden,489,,36,36,2020-09-27T10:00:00
NL,Limburg,Venray,219,,17,37,2020-09-27T10:00:00
NL,Gelderland,Neder-Betuwe,155,,21,37,2020-09-27T10:00:00
NL,Utrecht,Zeist,430,,25,38,2020-09-27T10:00:00
NL,Noord-Brabant,Waalwijk,295,,37,38,2020-09-27T10:00:00
NL,Utrecht,Stichtse Vecht,372,,14,38,2020-09-27T10:00:00
NL,Limburg,Echt-Susteren,114,,18,39,2020-09-27T10:00:00
NL,Zuid-Holland,Ridderkerk,320,,18,39,2020-09-27T10:00:00
NL,Utrecht,De Ronde Venen,262,,13,40,2020-09-27T10:00:00
NL,Zeeland,Tholen,199,,16,40,2020-09-27T10:00:00
NL,Gelderland,Oldebroek,195,,19,40,2020-09-27T10:00:00
NL,Zuid-Holland,Delft,872,,12,40,2020-09-27T10:00:00
NL,Zuid-Holland,Barendrecht,437,,12,40,2020-09-27T10:00:00
NL,Noord-Brabant,Laarbeek,163,,26,41,2020-09-27T10:00:00
NL,Noord-Brabant,Landerd,170,,21,41,2020-09-27T10:00:00
NL,Limburg,Horst aan de Maas,175,,24,41,2020-09-27T10:00:00
NL,Zuid-Holland,Rijswijk,467,,26,42,2020-09-27T10:00:00
NL,Gelderland,Tiel,221,,20,43,2020-09-27T10:00:00
NL,Limburg,Stein,141,,15,43,2020-09-27T10:00:00
NL,Zuid-Holland,Lansingerland,472,,25,43,2020-09-27T10:00:00
NL,Noord-Brabant,Etten-Leur,308,,30,43,2020-09-27T10:00:00
NL,Noord-Brabant,Vught,161,,17,43,2020-09-27T10:00:00
NL,Gelderland,Harderwijk,300,,20,44,2020-09-27T10:00:00
NL,Gelderland,West Betuwe,274,,27,44,2020-09-27T10:00:00
NL,Gelderland,Wijchen,255,,13,44,2020-09-27T10:00:00
NL,Noord-Brabant,Heusden,252,,25,45,2020-09-27T10:00:00
NL,Utrecht,Nieuwegein,361,,14,45,2020-09-27T10:00:00
NL,Gelderland,Zevenaar,198,,15,46,2020-09-27T10:00:00
NL,Limburg,Brunssum,155,,19,46,2020-09-27T10:00:00
NL,Zuid-Holland,Leiden,902,,20,46,2020-09-27T10:00:00
NL,Zuid-Holland,Krimpenerwaard,389,,34,47,2020-09-27T10:00:00
NL,Zuid-Holland,Vlaardingen,691,,30,47,2020-09-27T10:00:00
NL,Zuid-Holland,Gouda,689,,43,48,2020-09-27T10:00:00
NL,Overijssel,Deventer,503,,36,48,2020-09-27T10:00:00
NL,Gelderland,Epe,177,,23,49,2020-09-27T10:00:00
NL,Utrecht,Veenendaal,309,,11,49,2020-09-27T10:00:00
NL,Noord-Brabant,Oosterhout,302,,17,50,2020-09-27T10:00:00
NL,Limburg,Landgraaf,174,,13,52,2020-09-27T10:00:00
NL,Limburg,Beekdaelen,210,,23,52,2020-09-27T10:00:00
NL,Utrecht,Woerden,302,,20,53,2020-09-27T10:00:00
NL,Overijssel,Zwolle,558,,49,53,2020-09-27T10:00:00
NL,Limburg,Leudal,219,,33,54,2020-09-27T10:00:00
NL,Limburg,Eijsden-Margraten,198,,27,54,2020-09-27T10:00:00
NL,Gelderland,Heerde,240,,28,55,2020-09-27T10:00:00
NL,Gelderland,Nunspeet,262,,21,55,2020-09-27T10:00:00
NL,Zuid-Holland,Goeree-Overflakkee,387,,35,55,2020-09-27T10:00:00
NL,Noord-Brabant,Deurne,258,,25,56,2020-09-27T10:00:00
NL,Gelderland,Overbetuwe,233,,16,56,2020-09-27T10:00:00
NL,Gelderland,Ede,515,,22,57,2020-09-27T10:00:00
NL,Noord-Holland,Alkmaar,451,,31,57,2020-09-27T10:00:00
NL,Zuid-Holland,Zoetermeer,849,,14,57,2020-09-27T10:00:00
NL,Zuid-Holland,Capelle aan den IJssel,696,,60,58,2020-09-27T10:00:00
NL,Overijssel,Enschede,498,,26,58,2020-09-27T10:00:00
NL,Zuid-Holland,Nissewaard,448,,21,58,2020-09-27T10:00:00
NL,Zuid-Holland,Westland,711,,30,59,2020-09-27T10:00:00
NL,Overijssel,Kampen,420,,36,59,2020-09-27T10:00:00
NL,Limburg,Roermond,248,,23,61,2020-09-27T10:00:00
NL,Noord-Brabant,Cranendonck,204,,36,63,2020-09-27T10:00:00
NL,Zuid-Holland,Schiedam,839,,24,63,2020-09-27T10:00:00
NL,Limburg,Kerkrade,275,,35,64,2020-09-27T10:00:00
NL,Noord-Holland,Amstelveen,850,,38,66,2020-09-27T10:00:00
NL,Limburg,Weert,201,,15,67,2020-09-27T10:00:00
NL,Flevoland,Lelystad,372,,31,67,2020-09-27T10:00:00
NL,Zuid-Holland,Alphen aan den Rijn,614,,26,68,2020-09-27T10:00:00
NL,Noord-Holland,Haarlem,918,,62,69,2020-09-27T10:00:00
NL,Gelderland,Arnhem,826,,33,70,2020-09-27T10:00:00
NL,Noord-Holland,Purmerend,417,,35,72,2020-09-27T10:00:00
NL,Utrecht,Amersfoort,690,,25,76,2020-09-27T10:00:00
NL,Noord-Holland,Haarlemmermeer,960,,28,76,2020-09-27T10:00:00
NL,Noord-Brabant,Gemert-Bakel,267,,32,79,2020-09-27T10:00:00
NL,Zuid-Holland,Hoeksche Waard,617,,21,79,2020-09-27T10:00:00
NL,Noord-Brabant,Bernheze,343,,65,95,2020-09-27T10:00:00
NL,Zuid-Holland,Dordrecht,973,,66,95,2020-09-27T10:00:00
NL,Gelderland,Apeldoorn,711,,51,101,2020-09-27T10:00:00
NL,Noord-Brabant,Uden,327,,63,115,2020-09-27T10:00:00
NL,Noord-Brabant,Helmond,717,,44,118,2020-09-27T10:00:00
NL,Limburg,Sittard-Geleen,517,,64,119,2020-09-27T10:00:00
NL,Limburg,Heerlen,528,,54,126,2020-09-27T10:00:00
NL,Noord-Holland,Zaanstad,1012,,51,131,2020-09-27T10:00:00
NL,Noord-Brabant,'s-Hertogenbosch,951,,79,132,2020-09-27T10:00:00
NL,Limburg,Venlo,547,,66,134,2020-09-27T10:00:00
NL,Gelderland,Nijmegen,1594,,71,137,2020-09-27T10:00:00
NL,Flevoland,Almere,1257,,37,137,2020-09-27T10:00:00
NL,Limburg,Peel en Maas,314,,65,144,2020-09-27T10:00:00
NL,Noord-Brabant,Breda,1195,,67,150,2020-09-27T10:00:00
NL,Noord-Brabant,Oss,806,,88,167,2020-09-27T10:00:00
NL,Noord-Brabant,Eindhoven,1254,,88,185,2020-09-27T10:00:00
NL,Limburg,Maastricht,1148,,140,191,2020-09-27T10:00:00
NL,Noord-Brabant,Meierijstad,713,,131,211,2020-09-27T10:00:00
NL,Noord-Brabant,Tilburg,1581,,167,256,2020-09-27T10:00:00
NL,Utrecht,Utrecht,3369,,120,291,2020-09-27T10:00:00
NL,Zuid-Holland,'s-Gravenhage,6587,,271,416,2020-09-27T10:00:00
NL,Zuid-Holland,Rotterdam,9053,,361,636,2020-09-27T10:00:00
NL,Noord-Holland,Amsterdam,12018,,299,748,2020-09-27T10:00:00
