country,nuts_2,lau,cases,population,deaths,hospitalized,datetime
NL,Friesland,Vlieland,21,,0,0,2020-12-23T10:00:00
NL,Friesland,Ameland,102,,0,0,2020-12-23T10:00:00
NL,Drenthe,,15,,0,0,2020-12-23T10:00:00
NL,Friesland,Terschelling,81,,1,1,2020-12-23T10:00:00
NL,Friesland,Schiermonnikoog,6,,0,1,2020-12-23T10:00:00
NL,Groningen,,22,,0,1,2020-12-23T10:00:00
NL,Friesland,,18,,0,1,2020-12-23T10:00:00
NL,Friesland,Achtkarspelen,492,,0,1,2020-12-23T10:00:00
NL,Gelderland,Rozendaal,50,,0,1,2020-12-23T10:00:00
NL,Flevoland,,8,,0,1,2020-12-23T10:00:00
NL,Groningen,Loppersum,164,,0,2,2020-12-23T10:00:00
NL,Zuid-Holland,Hardinxveld-Giessendam,990,,8,2,2020-12-23T10:00:00
NL,Drenthe,Aa en Hunze,470,,1,2,2020-12-23T10:00:00
NL,Zeeland,,7,,1,2,2020-12-23T10:00:00
NL,Noord-Holland,Opmeer,385,,2,3,2020-12-23T10:00:00
NL,Friesland,Dantumadiel,411,,0,3,2020-12-23T10:00:00
NL,Zeeland,Noord-Beveland,117,,1,3,2020-12-23T10:00:00
NL,Groningen,Veendam,541,,2,4,2020-12-23T10:00:00
NL,Noord-Holland,Beemster,288,,2,5,2020-12-23T10:00:00
NL,Zuid-Holland,Zoeterwoude,339,,1,5,2020-12-23T10:00:00
NL,Zeeland,Kapelle,250,,2,5,2020-12-23T10:00:00
NL,Overijssel,,432,,3,5,2020-12-23T10:00:00
NL,Gelderland,Scherpenzeel,541,,5,5,2020-12-23T10:00:00
NL,Friesland,Harlingen,192,,2,5,2020-12-23T10:00:00
NL,Utrecht,Renswoude,269,,5,5,2020-12-23T10:00:00
NL,Noord-Holland,Texel,194,,2,6,2020-12-23T10:00:00
NL,Utrecht,,83,,1,6,2020-12-23T10:00:00
NL,Friesland,Weststellingwerf,523,,12,6,2020-12-23T10:00:00
NL,Utrecht,Eemnes,367,,1,7,2020-12-23T10:00:00
NL,Noord-Holland,Landsmeer,471,,4,7,2020-12-23T10:00:00
NL,Zeeland,Borsele,444,,2,7,2020-12-23T10:00:00
NL,Noord-Holland,Drechterland,727,,9,7,2020-12-23T10:00:00
NL,Noord-Holland,Uitgeest,616,,5,8,2020-12-23T10:00:00
NL,Noord-Holland,Blaricum,435,,4,8,2020-12-23T10:00:00
NL,Noord-Holland,Ouder-Amstel,700,,1,8,2020-12-23T10:00:00
NL,Limburg,,147,,3,8,2020-12-23T10:00:00
NL,Friesland,Tytsjerksteradiel,489,,3,9,2020-12-23T10:00:00
NL,Noord-Brabant,Waalre,685,,10,9,2020-12-23T10:00:00
NL,Groningen,Appingedam,261,,1,9,2020-12-23T10:00:00
NL,Groningen,Delfzijl,558,,2,9,2020-12-23T10:00:00
NL,Limburg,Mook en Middelaar,310,,9,10,2020-12-23T10:00:00
NL,Zeeland,Reimerswaal,666,,5,10,2020-12-23T10:00:00
NL,Friesland,Ooststellingwerf,458,,1,10,2020-12-23T10:00:00
NL,Zeeland,Veere,375,,2,10,2020-12-23T10:00:00
NL,Noord-Holland,Bloemendaal,693,,8,10,2020-12-23T10:00:00
NL,Groningen,Pekela,183,,2,10,2020-12-23T10:00:00
NL,Drenthe,Westerveld,319,,5,10,2020-12-23T10:00:00
NL,Zuid-Holland,Westvoorne,498,,1,10,2020-12-23T10:00:00
NL,Overijssel,Ommen,463,,7,10,2020-12-23T10:00:00
NL,Gelderland,,249,,2,10,2020-12-23T10:00:00
NL,Zuid-Holland,Hillegom,775,,2,11,2020-12-23T10:00:00
NL,Overijssel,Wierden,1602,,16,11,2020-12-23T10:00:00
NL,Zuid-Holland,Papendrecht,1506,,24,11,2020-12-23T10:00:00
NL,Overijssel,Staphorst,806,,5,11,2020-12-23T10:00:00
NL,Drenthe,Noordenveld,423,,16,11,2020-12-23T10:00:00
NL,Drenthe,Borger-Odoorn,610,,10,11,2020-12-23T10:00:00
NL,Zuid-Holland,Sliedrecht,1435,,20,12,2020-12-23T10:00:00
NL,Noord-Brabant,Woensdrecht,808,,21,12,2020-12-23T10:00:00
NL,Utrecht,Woudenberg,719,,5,12,2020-12-23T10:00:00
NL,Groningen,Stadskanaal,1063,,8,12,2020-12-23T10:00:00
NL,Noord-Holland,Laren,445,,9,12,2020-12-23T10:00:00
NL,Noord-Brabant,Baarle-Nassau,259,,4,12,2020-12-23T10:00:00
NL,Overijssel,Olst-Wijhe,465,,8,12,2020-12-23T10:00:00
NL,Noord-Holland,Weesp,1122,,16,12,2020-12-23T10:00:00
NL,Limburg,Bergen (L.),522,,3,12,2020-12-23T10:00:00
NL,Gelderland,Putten,1040,,6,13,2020-12-23T10:00:00
NL,Gelderland,Winterswijk,833,,8,13,2020-12-23T10:00:00
NL,Zuid-Holland,Voorschoten,891,,15,13,2020-12-23T10:00:00
NL,Drenthe,Midden-Drenthe,704,,3,13,2020-12-23T10:00:00
NL,Zuid-Holland,Midden-Delfland,936,,8,13,2020-12-23T10:00:00
NL,Limburg,Vaals,219,,5,13,2020-12-23T10:00:00
NL,Noord-Holland,Koggenland,760,,12,13,2020-12-23T10:00:00
NL,Drenthe,Tynaarlo,540,,13,13,2020-12-23T10:00:00
NL,Noord-Holland,Oostzaan,486,,3,13,2020-12-23T10:00:00
NL,Groningen,Westerwolde,685,,3,14,2020-12-23T10:00:00
NL,Drenthe,Meppel,762,,5,14,2020-12-23T10:00:00
NL,Friesland,Opsterland,444,,1,14,2020-12-23T10:00:00
NL,Groningen,Het Hogeland,1073,,7,14,2020-12-23T10:00:00
NL,Groningen,Oldambt,666,,11,14,2020-12-23T10:00:00
NL,Gelderland,Doesburg,336,,8,14,2020-12-23T10:00:00
NL,Noord-Brabant,Mill en Sint Hubert,467,,7,14,2020-12-23T10:00:00
NL,Noord-Holland,Zandvoort,594,,11,15,2020-12-23T10:00:00
NL,Noord-Holland,Heiloo,693,,10,15,2020-12-23T10:00:00
NL,Zuid-Holland,Hendrik-Ido-Ambacht,1604,,14,15,2020-12-23T10:00:00
NL,Overijssel,Tubbergen,1359,,9,15,2020-12-23T10:00:00
NL,Utrecht,Wijk bij Duurstede,798,,8,15,2020-12-23T10:00:00
NL,Utrecht,Bunnik,549,,11,16,2020-12-23T10:00:00
NL,Utrecht,Montfoort,646,,7,16,2020-12-23T10:00:00
NL,Flevoland,Zeewolde,701,,8,16,2020-12-23T10:00:00
NL,Friesland,Smallingerland,868,,13,16,2020-12-23T10:00:00
NL,Gelderland,Westervoort,543,,7,16,2020-12-23T10:00:00
NL,Friesland,Noardeast-Fryslân,863,,9,16,2020-12-23T10:00:00
NL,Zuid-Holland,Alblasserdam,1167,,15,16,2020-12-23T10:00:00
NL,Gelderland,Aalten,899,,12,16,2020-12-23T10:00:00
NL,Zuid-Holland,Kaag en Braassem,1062,,3,16,2020-12-23T10:00:00
NL,Overijssel,Hellendoorn,1711,,20,17,2020-12-23T10:00:00
NL,Noord-Holland,Wijdemeren,850,,6,17,2020-12-23T10:00:00
NL,Zuid-Holland,Oegstgeest,1010,,16,17,2020-12-23T10:00:00
NL,Utrecht,Rhenen,1119,,9,17,2020-12-23T10:00:00
NL,Friesland,Heerenveen,782,,24,17,2020-12-23T10:00:00
NL,Overijssel,Dalfsen,951,,11,18,2020-12-23T10:00:00
NL,Limburg,Beek,568,,10,18,2020-12-23T10:00:00
NL,Noord-Holland,Castricum,1206,,13,18,2020-12-23T10:00:00
NL,Limburg,Voerendaal,341,,8,18,2020-12-23T10:00:00
NL,Noord-Brabant,Hilvarenbeek,742,,16,18,2020-12-23T10:00:00
NL,Zeeland,Schouwen-Duiveland,731,,16,18,2020-12-23T10:00:00
NL,Drenthe,De Wolden,608,,6,18,2020-12-23T10:00:00
NL,Utrecht,Leusden,1086,,16,18,2020-12-23T10:00:00
NL,Noord-Holland,,370,,3,18,2020-12-23T10:00:00
NL,Groningen,Midden-Groningen,1126,,14,19,2020-12-23T10:00:00
NL,Noord-Brabant,Reusel-De Mierden,755,,6,19,2020-12-23T10:00:00
NL,Friesland,Waadhoeke,904,,22,19,2020-12-23T10:00:00
NL,Gelderland,Hattem,332,,5,19,2020-12-23T10:00:00
NL,Noord-Holland,Aalsmeer,1345,,21,19,2020-12-23T10:00:00
NL,Overijssel,Steenwijkerland,1048,,11,19,2020-12-23T10:00:00
NL,Zuid-Holland,Lisse,908,,7,20,2020-12-23T10:00:00
NL,Zeeland,Sluis,720,,10,20,2020-12-23T10:00:00
NL,Overijssel,Borne,1039,,12,20,2020-12-23T10:00:00
NL,Noord-Brabant,Heeze-Leende,715,,13,20,2020-12-23T10:00:00
NL,Gelderland,Voorst,747,,11,20,2020-12-23T10:00:00
NL,Noord-Brabant,Steenbergen,937,,15,20,2020-12-23T10:00:00
NL,Noord-Holland,Stede Broec,769,,5,20,2020-12-23T10:00:00
NL,Gelderland,Duiven,970,,8,20,2020-12-23T10:00:00
NL,Noord-Holland,Heemstede,917,,49,21,2020-12-23T10:00:00
NL,Noord-Brabant,Oirschot,915,,20,21,2020-12-23T10:00:00
NL,Noord-Brabant,Alphen-Chaam,430,,5,21,2020-12-23T10:00:00
NL,Groningen,Westerkwartier,999,,10,21,2020-12-23T10:00:00
NL,Noord-Brabant,Geertruidenberg,932,,19,21,2020-12-23T10:00:00
NL,Noord-Brabant,Sint Anthonis,477,,11,21,2020-12-23T10:00:00
NL,Zuid-Holland,Wassenaar,962,,17,21,2020-12-23T10:00:00
NL,Zeeland,Vlissingen,752,,7,21,2020-12-23T10:00:00
NL,Zeeland,Hulst,799,,11,22,2020-12-23T10:00:00
NL,Zuid-Holland,Nieuwkoop,1250,,15,22,2020-12-23T10:00:00
NL,Overijssel,Twenterand,1771,,8,22,2020-12-23T10:00:00
NL,Noord-Brabant,Cuijk,1047,,17,22,2020-12-23T10:00:00
NL,Noord-Brabant,Asten,656,,14,22,2020-12-23T10:00:00
NL,Gelderland,Renkum,1002,,19,22,2020-12-23T10:00:00
NL,Limburg,Simpelveld,353,,5,22,2020-12-23T10:00:00
NL,Limburg,Gennep,786,,15,22,2020-12-23T10:00:00
NL,Noord-Brabant,Bergeijk,1079,,6,22,2020-12-23T10:00:00
NL,Gelderland,Bronckhorst,1298,,11,22,2020-12-23T10:00:00
NL,Noord-Holland,Enkhuizen,837,,5,22,2020-12-23T10:00:00
NL,Overijssel,Losser,1190,,12,22,2020-12-23T10:00:00
NL,Noord-Brabant,"Nuenen, Gerwen en Nederwetten",836,,14,23,2020-12-23T10:00:00
NL,Gelderland,Lochem,961,,22,23,2020-12-23T10:00:00
NL,Noord-Holland,Langedijk,1041,,7,23,2020-12-23T10:00:00
NL,Gelderland,Heumen,673,,13,23,2020-12-23T10:00:00
NL,Overijssel,Haaksbergen,1320,,23,23,2020-12-23T10:00:00
NL,Zuid-Holland,Brielle,702,,5,23,2020-12-23T10:00:00
NL,Noord-Holland,Den Helder,1348,,8,23,2020-12-23T10:00:00
NL,Gelderland,Brummen,598,,7,23,2020-12-23T10:00:00
NL,Zuid-Holland,Gorinchem,1878,,26,23,2020-12-23T10:00:00
NL,Gelderland,West Maas en Waal,629,,15,24,2020-12-23T10:00:00
NL,Gelderland,Oost Gelre,1171,,28,24,2020-12-23T10:00:00
NL,Gelderland,Beuningen,930,,11,24,2020-12-23T10:00:00
NL,Overijssel,Dinkelland,1448,,18,24,2020-12-23T10:00:00
NL,Zuid-Holland,Molenlanden,2074,,19,24,2020-12-23T10:00:00
NL,Noord-Brabant,,744,,6,24,2020-12-23T10:00:00
NL,Limburg,Beesel,443,,10,24,2020-12-23T10:00:00
NL,Noord-Holland,Medemblik,1667,,9,24,2020-12-23T10:00:00
NL,Noord-Brabant,Rucphen,1065,,12,25,2020-12-23T10:00:00
NL,Utrecht,Baarn,983,,19,25,2020-12-23T10:00:00
NL,Utrecht,Lopik,688,,9,25,2020-12-23T10:00:00
NL,Noord-Holland,Wormerland,627,,14,25,2020-12-23T10:00:00
NL,Zuid-Holland,Krimpen aan den IJssel,1685,,38,25,2020-12-23T10:00:00
NL,Noord-Brabant,Haaren,661,,13,25,2020-12-23T10:00:00
NL,Noord-Holland,Beverwijk,1560,,16,25,2020-12-23T10:00:00
NL,Limburg,Valkenburg aan de Geul,557,,12,26,2020-12-23T10:00:00
NL,Flevoland,Noordoostpolder,1640,,21,26,2020-12-23T10:00:00
NL,Drenthe,Coevorden,907,,8,26,2020-12-23T10:00:00
NL,Limburg,Meerssen,592,,17,26,2020-12-23T10:00:00
NL,Gelderland,Zaltbommel,1558,,24,26,2020-12-23T10:00:00
NL,Overijssel,Hof van Twente,1439,,14,26,2020-12-23T10:00:00
NL,Noord-Holland,Schagen,1580,,22,26,2020-12-23T10:00:00
NL,Overijssel,Raalte,1575,,25,27,2020-12-23T10:00:00
NL,Noord-Holland,Bergen (NH.),1081,,26,27,2020-12-23T10:00:00
NL,Noord-Holland,Waterland,785,,14,27,2020-12-23T10:00:00
NL,Zuid-Holland,Teylingen,1751,,7,27,2020-12-23T10:00:00
NL,Noord-Brabant,Bladel,1339,,18,27,2020-12-23T10:00:00
NL,Limburg,Gulpen-Wittem,496,,16,27,2020-12-23T10:00:00
NL,Noord-Holland,Uithoorn,1130,,6,27,2020-12-23T10:00:00
NL,Gelderland,Maasdriel,1102,,22,28,2020-12-23T10:00:00
NL,Noord-Brabant,Grave,675,,23,28,2020-12-23T10:00:00
NL,Noord-Brabant,Boxmeer,1333,,35,28,2020-12-23T10:00:00
NL,Noord-Brabant,Valkenswaard,1472,,44,29,2020-12-23T10:00:00
NL,Gelderland,Buren,989,,13,29,2020-12-23T10:00:00
NL,Limburg,Roerdalen,627,,11,29,2020-12-23T10:00:00
NL,Friesland,Súdwest-Fryslân,2650,,33,29,2020-12-23T10:00:00
NL,Limburg,Maasgouw,747,,16,29,2020-12-23T10:00:00
NL,Gelderland,Oude IJsselstreek,1285,,24,29,2020-12-23T10:00:00
NL,Zeeland,Middelburg,904,,15,29,2020-12-23T10:00:00
NL,Noord-Brabant,Moerdijk,1446,,24,30,2020-12-23T10:00:00
NL,Gelderland,Wageningen,1387,,29,30,2020-12-23T10:00:00
NL,Gelderland,Montferland,1128,,12,30,2020-12-23T10:00:00
NL,Drenthe,Assen,1365,,9,30,2020-12-23T10:00:00
NL,Noord-Brabant,Gilze en Rijen,1186,,18,30,2020-12-23T10:00:00
NL,Gelderland,Berkelland,1612,,32,30,2020-12-23T10:00:00
NL,Noord-Holland,Diemen,1682,,23,30,2020-12-23T10:00:00
NL,Zuid-Holland,Leiderdorp,1137,,12,30,2020-12-23T10:00:00
NL,Noord-Brabant,Zundert,830,,13,31,2020-12-23T10:00:00
NL,Zeeland,Goes,811,,15,31,2020-12-23T10:00:00
NL,Gelderland,Elburg,831,,11,31,2020-12-23T10:00:00
NL,Gelderland,Druten,699,,18,31,2020-12-23T10:00:00
NL,Friesland,De Fryske Marren,1033,,13,31,2020-12-23T10:00:00
NL,Noord-Brabant,Oisterwijk,1138,,15,32,2020-12-23T10:00:00
NL,Utrecht,Oudewater,468,,12,32,2020-12-23T10:00:00
NL,Noord-Brabant,Drimmelen,1085,,21,32,2020-12-23T10:00:00
NL,Gelderland,Barneveld,3290,,22,32,2020-12-23T10:00:00
NL,Zuid-Holland,Bodegraven-Reeuwijk,1712,,16,32,2020-12-23T10:00:00
NL,Gelderland,Ermelo,1110,,26,33,2020-12-23T10:00:00
NL,Overijssel,Oldenzaal,1565,,33,33,2020-12-23T10:00:00
NL,Zuid-Holland,Albrandswaard,1526,,17,33,2020-12-23T10:00:00
NL,Overijssel,Hardenberg,1787,,17,34,2020-12-23T10:00:00
NL,Noord-Holland,Hollands Kroon,1259,,9,34,2020-12-23T10:00:00
NL,Zuid-Holland,,1414,,12,35,2020-12-23T10:00:00
NL,Gelderland,Culemborg,1213,,12,35,2020-12-23T10:00:00
NL,Gelderland,Nijkerk,1949,,7,35,2020-12-23T10:00:00
NL,Overijssel,Rijssen-Holten,2047,,33,35,2020-12-23T10:00:00
NL,Noord-Brabant,Son en Breugel,610,,22,35,2020-12-23T10:00:00
NL,Zuid-Holland,Hellevoetsluis,1395,,13,35,2020-12-23T10:00:00
NL,Noord-Brabant,Boxtel,1279,,39,35,2020-12-23T10:00:00
NL,Noord-Holland,Heerhugowaard,2039,,13,36,2020-12-23T10:00:00
NL,Noord-Brabant,Goirle,1079,,24,36,2020-12-23T10:00:00
NL,Noord-Brabant,Halderberge,1300,,17,37,2020-12-23T10:00:00
NL,Drenthe,Hoogeveen,1653,,16,37,2020-12-23T10:00:00
NL,Noord-Brabant,Boekel,432,,20,37,2020-12-23T10:00:00
NL,Noord-Brabant,Someren,799,,9,37,2020-12-23T10:00:00
NL,Noord-Brabant,Eersel,1041,,19,38,2020-12-23T10:00:00
NL,Noord-Holland,Gooise Meren,2238,,22,38,2020-12-23T10:00:00
NL,Flevoland,Urk,1526,,11,38,2020-12-23T10:00:00
NL,Limburg,Nederweert,909,,11,38,2020-12-23T10:00:00
NL,Utrecht,Bunschoten,2026,,18,38,2020-12-23T10:00:00
NL,Noord-Brabant,Dongen,1408,,22,39,2020-12-23T10:00:00
NL,Noord-Brabant,Loon op Zand,1190,,30,39,2020-12-23T10:00:00
NL,Overijssel,Zwartewaterland,790,,24,39,2020-12-23T10:00:00
NL,Zuid-Holland,Zwijndrecht,2357,,57,40,2020-12-23T10:00:00
NL,Noord-Holland,Huizen,1983,,27,40,2020-12-23T10:00:00
NL,Noord-Brabant,Best,1230,,16,40,2020-12-23T10:00:00
NL,Zeeland,Terneuzen,1679,,8,41,2020-12-23T10:00:00
NL,Zuid-Holland,Pijnacker-Nootdorp,2694,,22,41,2020-12-23T10:00:00
NL,Utrecht,De Bilt,1799,,39,41,2020-12-23T10:00:00
NL,Noord-Holland,Heemskerk,1576,,23,42,2020-12-23T10:00:00
NL,Gelderland,Zutphen,1324,,19,42,2020-12-23T10:00:00
NL,Noord-Brabant,Sint-Michielsgestel,1326,,23,42,2020-12-23T10:00:00
NL,Zuid-Holland,Noordwijk,1724,,10,43,2020-12-23T10:00:00
NL,Gelderland,Doetinchem,1848,,21,43,2020-12-23T10:00:00
NL,Gelderland,Rheden,1490,,26,43,2020-12-23T10:00:00
NL,Gelderland,Oldebroek,796,,21,43,2020-12-23T10:00:00
NL,Noord-Brabant,Laarbeek,1039,,29,44,2020-12-23T10:00:00
NL,Utrecht,Houten,2007,,48,44,2020-12-23T10:00:00
NL,Limburg,Echt-Susteren,862,,20,45,2020-12-23T10:00:00
NL,Zuid-Holland,Waddinxveen,1372,,10,45,2020-12-23T10:00:00
NL,Zuid-Holland,Maassluis,1744,,20,45,2020-12-23T10:00:00
NL,Gelderland,Berg en Dal,1522,,36,45,2020-12-23T10:00:00
NL,Noord-Brabant,Landerd,834,,22,45,2020-12-23T10:00:00
NL,Gelderland,Lingewaard,1792,,19,47,2020-12-23T10:00:00
NL,Limburg,Venray,2396,,25,47,2020-12-23T10:00:00
NL,Utrecht,Utrechtse Heuvelrug,2028,,29,48,2020-12-23T10:00:00
NL,Utrecht,Soest,2018,,35,48,2020-12-23T10:00:00
NL,Groningen,Groningen,5787,,11,49,2020-12-23T10:00:00
NL,Noord-Brabant,Veldhoven,2031,,28,49,2020-12-23T10:00:00
NL,Noord-Brabant,Geldrop-Mierlo,1657,,19,50,2020-12-23T10:00:00
NL,Flevoland,Dronten,1285,,16,50,2020-12-23T10:00:00
NL,Gelderland,Neder-Betuwe,1295,,25,51,2020-12-23T10:00:00
NL,Noord-Brabant,Vught,1390,,36,51,2020-12-23T10:00:00
NL,Zeeland,Tholen,1015,,22,51,2020-12-23T10:00:00
NL,Zuid-Holland,Zuidplas,2113,,30,51,2020-12-23T10:00:00
NL,Noord-Holland,Hilversum,3096,,50,51,2020-12-23T10:00:00
NL,Limburg,Horst aan de Maas,2169,,40,51,2020-12-23T10:00:00
NL,Overijssel,Almelo,3661,,31,52,2020-12-23T10:00:00
NL,Overijssel,Hengelo,3492,,35,52,2020-12-23T10:00:00
NL,Noord-Holland,Hoorn,2622,,18,52,2020-12-23T10:00:00
NL,Utrecht,IJsselstein,1423,,46,53,2020-12-23T10:00:00
NL,Friesland,Leeuwarden,2543,,17,54,2020-12-23T10:00:00
NL,Gelderland,Heerde,533,,29,55,2020-12-23T10:00:00
NL,Utrecht,Zeist,2541,,35,55,2020-12-23T10:00:00
NL,Limburg,Stein,815,,16,55,2020-12-23T10:00:00
NL,Noord-Holland,Edam-Volendam,1577,,8,57,2020-12-23T10:00:00
NL,Noord-Brabant,Altena,3255,,55,57,2020-12-23T10:00:00
NL,Gelderland,Harderwijk,1690,,25,58,2020-12-23T10:00:00
NL,Gelderland,Epe,1014,,27,58,2020-12-23T10:00:00
NL,Limburg,Landgraaf,1096,,26,58,2020-12-23T10:00:00
NL,Noord-Brabant,Waalwijk,2432,,59,59,2020-12-23T10:00:00
NL,Limburg,Beekdaelen,1150,,30,59,2020-12-23T10:00:00
NL,Limburg,Brunssum,917,,25,59,2020-12-23T10:00:00
NL,Limburg,Leudal,1461,,42,60,2020-12-23T10:00:00
NL,Noord-Brabant,Etten-Leur,1930,,31,61,2020-12-23T10:00:00
NL,Gelderland,Wijchen,1701,,32,61,2020-12-23T10:00:00
NL,Zuid-Holland,Ridderkerk,2423,,57,62,2020-12-23T10:00:00
NL,Limburg,Eijsden-Margraten,984,,32,62,2020-12-23T10:00:00
NL,Noord-Brabant,Oosterhout,2520,,32,62,2020-12-23T10:00:00
NL,Drenthe,Emmen,3227,,32,62,2020-12-23T10:00:00
NL,Gelderland,Zevenaar,1216,,23,62,2020-12-23T10:00:00
NL,Utrecht,Vijfheerenlanden,2708,,54,63,2020-12-23T10:00:00
NL,Gelderland,Overbetuwe,1462,,21,63,2020-12-23T10:00:00
NL,Noord-Brabant,Roosendaal,3711,,55,64,2020-12-23T10:00:00
NL,Overijssel,Deventer,3759,,54,64,2020-12-23T10:00:00
NL,Overijssel,Zwolle,3333,,67,64,2020-12-23T10:00:00
NL,Noord-Holland,Velsen,2791,,63,64,2020-12-23T10:00:00
NL,Noord-Brabant,Deurne,1420,,35,65,2020-12-23T10:00:00
NL,Gelderland,Tiel,1828,,39,65,2020-12-23T10:00:00
NL,Zuid-Holland,Lansingerland,3140,,53,66,2020-12-23T10:00:00
NL,Zuid-Holland,Katwijk,3610,,33,67,2020-12-23T10:00:00
NL,Noord-Brabant,Bergen op Zoom,3449,,32,68,2020-12-23T10:00:00
NL,Noord-Brabant,Cranendonck,1124,,39,68,2020-12-23T10:00:00
NL,Overijssel,Kampen,1584,,41,68,2020-12-23T10:00:00
NL,Limburg,Roermond,1984,,29,68,2020-12-23T10:00:00
NL,Noord-Brabant,Heusden,2017,,41,68,2020-12-23T10:00:00
NL,Gelderland,Nunspeet,979,,24,69,2020-12-23T10:00:00
NL,Zuid-Holland,Delft,4672,,52,71,2020-12-23T10:00:00
NL,Utrecht,Stichtse Vecht,2684,,40,72,2020-12-23T10:00:00
NL,Utrecht,Nieuwegein,2313,,18,73,2020-12-23T10:00:00
NL,Gelderland,West Betuwe,2385,,42,73,2020-12-23T10:00:00
NL,Zuid-Holland,Barendrecht,2537,,34,73,2020-12-23T10:00:00
NL,Utrecht,De Ronde Venen,1857,,28,75,2020-12-23T10:00:00
NL,Zuid-Holland,Krimpenerwaard,2602,,53,78,2020-12-23T10:00:00
NL,Zuid-Holland,Goeree-Overflakkee,2061,,55,78,2020-12-23T10:00:00
NL,Zuid-Holland,Leidschendam-Voorburg,3205,,55,78,2020-12-23T10:00:00
NL,Utrecht,Woerden,2298,,25,79,2020-12-23T10:00:00
NL,Zuid-Holland,Rijswijk,2476,,62,83,2020-12-23T10:00:00
NL,Utrecht,Veenendaal,4156,,40,84,2020-12-23T10:00:00
NL,Noord-Brabant,Gemert-Bakel,1139,,34,84,2020-12-23T10:00:00
NL,Limburg,Kerkrade,1190,,43,86,2020-12-23T10:00:00
NL,Noord-Holland,Alkmaar,3736,,47,87,2020-12-23T10:00:00
NL,Limburg,Weert,2811,,34,87,2020-12-23T10:00:00
NL,Zuid-Holland,Leiden,5193,,41,90,2020-12-23T10:00:00
NL,Zuid-Holland,Hoeksche Waard,3431,,35,92,2020-12-23T10:00:00
NL,Noord-Holland,Amstelveen,3725,,78,92,2020-12-23T10:00:00
NL,Zuid-Holland,Zoetermeer,5671,,30,94,2020-12-23T10:00:00
NL,Zuid-Holland,Capelle aan den IJssel,3479,,97,99,2020-12-23T10:00:00
NL,Flevoland,Lelystad,2752,,46,100,2020-12-23T10:00:00
NL,Gelderland,Ede,5274,,54,101,2020-12-23T10:00:00
NL,Noord-Brabant,Bernheze,1476,,67,102,2020-12-23T10:00:00
NL,Noord-Holland,Purmerend,2681,,49,103,2020-12-23T10:00:00
NL,Zuid-Holland,Vlaardingen,4364,,59,104,2020-12-23T10:00:00
NL,Zuid-Holland,Nissewaard,4049,,55,105,2020-12-23T10:00:00
NL,Zuid-Holland,Gouda,3830,,101,113,2020-12-23T10:00:00
NL,Zuid-Holland,Westland,6139,,62,113,2020-12-23T10:00:00
NL,Zuid-Holland,Dordrecht,6422,,107,119,2020-12-23T10:00:00
NL,Zuid-Holland,Alphen aan den Rijn,5517,,66,120,2020-12-23T10:00:00
NL,Noord-Brabant,Uden,1541,,70,121,2020-12-23T10:00:00
NL,Overijssel,Enschede,6560,,84,123,2020-12-23T10:00:00
NL,Noord-Holland,Haarlemmermeer,6433,,72,123,2020-12-23T10:00:00
NL,Gelderland,Arnhem,5950,,79,124,2020-12-23T10:00:00
NL,Gelderland,Apeldoorn,5015,,73,142,2020-12-23T10:00:00
NL,Noord-Holland,Haarlem,5879,,110,143,2020-12-23T10:00:00
NL,Limburg,Sittard-Geleen,2845,,78,146,2020-12-23T10:00:00
NL,Limburg,Heerlen,2579,,66,147,2020-12-23T10:00:00
NL,Zuid-Holland,Schiedam,4777,,47,147,2020-12-23T10:00:00
NL,Utrecht,Amersfoort,6854,,71,149,2020-12-23T10:00:00
NL,Limburg,Peel en Maas,1766,,66,149,2020-12-23T10:00:00
NL,Noord-Brabant,Helmond,4157,,54,150,2020-12-23T10:00:00
NL,Limburg,Venlo,4613,,98,164,2020-12-23T10:00:00
NL,Noord-Brabant,'s-Hertogenbosch,6674,,121,183,2020-12-23T10:00:00
NL,Noord-Brabant,Oss,4128,,106,200,2020-12-23T10:00:00
NL,Gelderland,Nijmegen,6731,,125,205,2020-12-23T10:00:00
NL,Flevoland,Almere,9387,,51,206,2020-12-23T10:00:00
NL,Noord-Brabant,Breda,8060,,116,212,2020-12-23T10:00:00
NL,Noord-Holland,Zaanstad,7504,,114,216,2020-12-23T10:00:00
NL,Limburg,Maastricht,4361,,148,224,2020-12-23T10:00:00
NL,Noord-Brabant,Meierijstad,3380,,143,228,2020-12-23T10:00:00
NL,Noord-Brabant,Eindhoven,8847,,162,278,2020-12-23T10:00:00
NL,Noord-Brabant,Tilburg,10154,,234,332,2020-12-23T10:00:00
NL,Utrecht,Utrecht,16860,,181,477,2020-12-23T10:00:00
NL,Zuid-Holland,'s-Gravenhage,26879,,398,860,2020-12-23T10:00:00
NL,Zuid-Holland,Rotterdam,40018,,655,1217,2020-12-23T10:00:00
NL,Noord-Holland,Amsterdam,48509,,475,1295,2020-12-23T10:00:00
